fecha,indicativo,nombre,provincia,altitud,tmed,prec,tmin,horatmin,tmax,horatmax,dir,velmedia,racha,horaracha,sol,presMax,horaPresMax,presMin,horaPresMin,hrMedia,hrMax,horaHrMax,hrMin,horaHrMin
2024-11-01,B228,"PALMA, PUERTO",BALEARES,3,20.6,49.5,16.9,21:20:00,24.4,09:40:00,22,1.4,7.8,13:50,2.3,1019.9,09:00:00,1016.8,,84.0,94.0,15:10:00,69.0,13:10:00
2024-11-02,B228,"PALMA, PUERTO",BALEARES,3,20.0,0.0,15.9,06:40:00,24.1,12:40:00,17,0.6,3.6,12:10,7.0,1021.6,23:00:00,1016.9,05:00:00,74.0,90.0,00:50:00,59.0,14:20:00
2024-11-03,B228,"PALMA, PUERTO",BALEARES,3,22.0,2.1,18.2,03:20:00,25.9,12:20:00,06,1.7,6.4,16:50,5.6,1022.4,10:00:00,1020.2,,81.0,88.0,22:40:00,65.0,12:20:00
2024-11-04,B228,"PALMA, PUERTO",BALEARES,3,23.2,0.0,20.1,23:10:00,26.4,13:00:00,31,1.4,5.8,05:10,5.9,1022.1,00:00:00,1020.0,14:00:00,79.0,92.0,05:50:00,62.0,13:10:00
2024-11-05,B228,"PALMA, PUERTO",BALEARES,3,21.6,0.0,18.3,06:20:00,25.0,11:20:00,23,0.8,5.0,12:40,7.4,1022.6,23:00:00,1020.6,14:00:00,81.0,90.0,05:00:00,65.0,11:30:00
2024-11-06,B228,"PALMA, PUERTO",BALEARES,3,22.0,0.0,18.1,04:00:00,25.8,11:50:00,05,0.8,7.5,15:50,4.5,1024.2,10:00:00,1021.9,03:00:00,80.0,92.0,02:40:00,60.0,11:50:00
2024-11-07,B228,"PALMA, PUERTO",BALEARES,3,21.2,0.2,17.1,22:30:00,25.4,12:40:00,35,0.3,5.8,14:10,5.7,1023.4,00:00:00,1020.6,16:00:00,72.0,89.0,22:20:00,53.0,13:10:00
2024-11-08,B228,"PALMA, PUERTO",BALEARES,3,19.6,0.1,16.2,05:50:00,23.1,11:50:00,35,1.1,4.2,18:50,6.0,1021.9,22:00:00,1019.5,14:00:00,76.0,90.0,03:50:00,60.0,14:00:00
2024-11-09,B228,"PALMA, PUERTO",BALEARES,3,19.2,4.3,15.5,,22.9,11:30:00,06,1.4,6.7,23:10,4.7,1022.2,22:00:00,1020.1,,77.0,92.0,22:30:00,60.0,11:30:00
2024-11-10,B228,"PALMA, PUERTO",BALEARES,3,18.6,22.3,16.4,04:40:00,20.7,13:10:00,34,0.8,6.4,07:50,2.4,1022.1,10:00:00,1020.2,07:00:00,77.0,91.0,00:30:00,69.0,11:20:00
2024-11-11,B228,"PALMA, PUERTO",BALEARES,3,18.2,0.0,14.7,23:00:00,21.7,11:50:00,03,1.7,7.8,11:50,5.9,1022.9,09:00:00,1021.1,01:00:00,66.0,93.0,02:40:00,48.0,10:40:00
2024-11-12,B228,"PALMA, PUERTO",BALEARES,3,14.4,29.4,11.5,22:50:00,17.2,09:40:00,05,2.2,9.7,17:30,0.0,1021.4,00:00:00,1015.2,,80.0,91.0,,62.0,04:20:00
2024-11-13,B228,"PALMA, PUERTO",BALEARES,3,17.0,0.0,11.9,00:40:00,22.0,13:10:00,11,1.9,8.1,12:40,4.9,1018.1,23:00:00,1013.0,06:00:00,75.0,92.0,01:00:00,62.0,12:50:00
2024-11-14,B228,"PALMA, PUERTO",BALEARES,3,17.8,0.0,15.1,21:40:00,20.6,12:30:00,06,1.9,9.7,13:50,1.7,1020.8,22:00:00,1016.8,05:00:00,74.0,87.0,04:20:00,62.0,17:00:00
2024-11-15,B228,"PALMA, PUERTO",BALEARES,3,17.3,0.0,13.5,04:20:00,21.1,13:10:00,08,1.4,6.1,11:00,7.8,1022.7,10:00:00,1020.4,00:00:00,67.0,83.0,04:10:00,50.0,13:10:00
2024-11-16,B228,"PALMA, PUERTO",BALEARES,3,18.6,0.0,15.5,01:30:00,21.6,13:00:00,35,1.1,4.2,02:10,6.6,1022.2,00:00:00,1018.7,,71.0,78.0,,59.0,14:40:00
2024-11-17,B228,"PALMA, PUERTO",BALEARES,3,18.4,0.0,14.4,23:59:00,22.5,14:10:00,20,1.1,4.2,11:50,7.6,1019.1,10:00:00,1016.4,15:00:00,72.0,91.0,,60.0,14:00:00
2024-11-18,B228,"PALMA, PUERTO",BALEARES,3,18.1,0.0,13.3,06:30:00,22.9,13:30:00,22,0.6,5.8,15:10,6.9,1018.5,10:00:00,1016.4,17:00:00,79.0,92.0,,62.0,13:30:00
2024-11-19,B228,"PALMA, PUERTO",BALEARES,3,18.4,0.0,14.4,06:40:00,22.5,14:00:00,24,1.4,8.6,11:40,7.8,1017.0,10:00:00,1014.3,,84.0,96.0,,66.0,14:00:00
2024-11-20,B228,"PALMA, PUERTO",BALEARES,3,19.2,0.0,15.2,00:50:00,23.1,11:30:00,30,1.4,13.3,13:20,7.3,1014.3,00:00:00,1011.5,06:00:00,56.0,94.0,,39.0,11:30:00
2024-11-21,B228,"PALMA, PUERTO",BALEARES,3,19.3,0.0,16.6,06:50:00,22.0,09:40:00,24,0.8,10.6,13:30,7.6,1013.9,01:00:00,1005.8,,61.0,70.0,07:30:00,47.0,00:00:00
2024-11-22,B228,"PALMA, PUERTO",BALEARES,3,15.8,0.0,12.5,23:10:00,19.1,04:50:00,34,2.8,15.0,11:20,5.7,1024.3,,1005.4,01:00:00,50.0,71.0,23:50:00,34.0,10:20:00
2024-11-23,B228,"PALMA, PUERTO",BALEARES,3,17.0,0.0,13.0,00:00:00,21.1,12:50:00,34,1.7,5.6,03:40,7.2,1026.8,,1023.9,01:00:00,65.0,75.0,23:50:00,51.0,12:20:00
2024-11-24,B228,"PALMA, PUERTO",BALEARES,3,19.4,0.0,15.6,03:20:00,23.1,12:00:00,35,1.4,4.7,23:30,7.7,1026.5,00:00:00,1023.4,,77.0,86.0,,64.0,11:50:00
2024-11-25,B228,"PALMA, PUERTO",BALEARES,3,18.7,0.0,16.2,07:00:00,21.2,13:00:00,33,0.8,4.2,01:50,0.5,1023.4,00:00:00,1018.6,16:00:00,83.0,94.0,,74.0,12:40:00
2024-11-26,B228,"PALMA, PUERTO",BALEARES,3,19.0,0.0,15.6,02:20:00,22.5,13:20:00,35,0.8,6.4,05:00,7.3,1022.9,22:00:00,1018.8,01:00:00,77.0,95.0,,62.0,13:20:00
2024-11-27,B228,"PALMA, PUERTO",BALEARES,3,17.6,0.0,14.6,23:59:00,20.6,14:00:00,34,0.8,3.6,00:10,3.5,1025.5,22:00:00,1021.5,,81.0,91.0,23:10:00,66.0,14:00:00
2024-11-28,B228,"PALMA, PUERTO",BALEARES,3,16.6,0.0,12.2,07:00:00,21.1,14:00:00,19,0.8,5.0,13:20,8.1,1026.6,10:00:00,1024.2,14:00:00,74.0,93.0,02:40:00,46.0,14:20:00
2024-11-29,B228,"PALMA, PUERTO",BALEARES,3,16.9,0.0,12.6,03:50:00,21.2,12:20:00,20,0.8,6.4,11:40,8.1,1025.1,00:00:00,1022.4,15:00:00,81.0,97.0,07:00:00,61.0,12:10:00
2024-11-30,B228,"PALMA, PUERTO",BALEARES,3,16.8,0.0,13.1,03:10:00,20.4,14:00:00,21,0.6,3.9,13:20,8.2,1027.3,10:00:00,1024.6,00:00:00,79.0,92.0,01:50:00,62.0,12:30:00
2024-12-01,B228,"PALMA, PUERTO",BALEARES,3,16.8,0.0,12.8,23:20:00,20.9,13:10:00,22,0.8,3.9,15:20,4.1,1025.7,10:00:00,1023.3,16:00:00,76.0,93.0,23:30:00,54.0,12:50:00
2024-12-02,B228,"PALMA, PUERTO",BALEARES,3,16.4,0.5,12.2,04:10:00,20.6,12:10:00,21,1.4,6.9,12:00,2.9,1023.4,00:00:00,1020.2,15:00:00,84.0,97.0,04:30:00,68.0,12:10:00
2024-12-03,B228,"PALMA, PUERTO",BALEARES,3,17.6,1.4,14.1,00:50:00,21.0,13:40:00,99,1.4,4.4,Varias,6.0,1021.3,10:00:00,1017.1,,74.0,90.0,07:00:00,57.0,18:10:00
2024-12-04,B228,"PALMA, PUERTO",BALEARES,3,13.5,2.6,10.8,21:50:00,16.2,13:00:00,36,2.2,10.8,13:40,4.3,1025.4,22:00:00,1015.4,05:00:00,66.0,92.0,08:00:00,48.0,14:10:00
2024-12-05,B228,"PALMA, PUERTO",BALEARES,3,14.6,0.0,10.7,00:10:00,18.6,12:10:00,34,1.1,10.0,09:40,8.5,1026.0,20:00:00,1023.7,07:00:00,66.0,89.0,00:10:00,44.0,13:40:00
2024-12-06,B228,"PALMA, PUERTO",BALEARES,3,16.2,0.0,10.4,01:20:00,21.9,12:30:00,32,1.7,9.2,13:50,2.8,1025.7,00:00:00,1020.5,14:00:00,69.0,87.0,,50.0,12:20:00
2024-12-07,B228,"PALMA, PUERTO",BALEARES,3,17.5,0.0,12.9,06:30:00,22.1,12:20:00,34,1.7,17.8,23:10,6.6,1022.4,00:00:00,1013.8,14:00:00,65.0,95.0,06:30:00,31.0,20:10:00
2024-12-08,B228,"PALMA, PUERTO",BALEARES,3,12.8,2.3,10.9,22:40:00,14.6,11:00:00,32,2.8,18.6,01:20,6.7,1015.7,03:00:00,1011.0,16:00:00,50.0,79.0,22:40:00,43.0,00:00:00
2024-12-09,B228,"PALMA, PUERTO",BALEARES,3,12.7,0.3,8.9,21:50:00,16.5,13:10:00,34,1.1,8.6,03:10,6.6,1014.2,,1010.0,04:00:00,64.0,80.0,03:40:00,46.0,13:20:00
2024-12-10,B228,"PALMA, PUERTO",BALEARES,3,11.0,0.2,7.8,04:20:00,14.2,12:20:00,04,1.4,7.2,15:10,3.8,1018.5,22:00:00,1014.0,02:00:00,67.0,83.0,04:10:00,57.0,12:20:00
2024-12-11,B228,"PALMA, PUERTO",BALEARES,3,11.8,9.1,7.7,06:00:00,16.0,14:20:00,10,0.6,6.1,15:50,3.9,1018.8,10:00:00,1017.1,15:00:00,72.0,88.0,05:50:00,50.0,14:20:00
2024-12-12,B228,"PALMA, PUERTO",BALEARES,3,13.6,3.3,10.7,06:30:00,16.5,15:00:00,26,1.1,8.3,04:40,3.5,1019.8,10:00:00,1017.1,15:00:00,77.0,94.0,07:40:00,58.0,14:10:00
2024-12-13,B228,"PALMA, PUERTO",BALEARES,3,13.4,0.1,8.7,06:40:00,18.2,12:20:00,22,1.1,6.4,13:10,8.3,1025.3,23:00:00,1018.3,02:00:00,78.0,94.0,06:40:00,57.0,13:50:00
2024-12-14,B228,"PALMA, PUERTO",BALEARES,3,13.4,0.0,9.2,07:10:00,17.6,10:10:00,29,1.1,8.3,23:20,7.8,1028.3,,1024.7,05:00:00,68.0,96.0,07:10:00,48.0,10:00:00
2024-12-15,B228,"PALMA, PUERTO",BALEARES,3,14.0,0.0,10.1,23:59:00,18.0,12:10:00,08,0.8,6.9,15:30,5.7,1036.7,,1027.6,04:00:00,67.0,86.0,23:50:00,49.0,14:20:00
2024-12-16,B228,"PALMA, PUERTO",BALEARES,3,13.0,0.0,8.5,05:40:00,17.4,13:10:00,18,1.1,4.7,14:10,7.1,1039.5,09:00:00,1036.4,01:00:00,73.0,92.0,23:40:00,55.0,13:00:00
2024-12-17,B228,"PALMA, PUERTO",BALEARES,3,12.3,0.0,8.8,04:00:00,15.8,13:10:00,19,0.8,6.4,19:20,0.3,1036.9,00:00:00,1030.4,,72.0,92.0,03:50:00,59.0,13:20:00
2024-12-18,B228,"PALMA, PUERTO",BALEARES,3,14.6,0.0,10.5,06:30:00,18.8,13:50:00,20,0.8,6.4,13:00,8.8,1030.4,00:00:00,1023.6,,82.0,95.0,,63.0,13:40:00
2024-12-19,B228,"PALMA, PUERTO",BALEARES,3,16.6,0.0,12.4,01:00:00,20.8,12:10:00,35,2.5,16.7,22:40,0.6,1023.6,00:00:00,1015.4,14:00:00,55.0,99.0,01:20:00,42.0,
2024-12-20,B228,"PALMA, PUERTO",BALEARES,3,13.3,0.0,10.0,23:00:00,16.6,14:50:00,33,1.4,6.1,00:10,7.9,1027.0,,1020.5,00:00:00,61.0,80.0,22:20:00,48.0,14:50:00
2024-12-21,B228,"PALMA, PUERTO",BALEARES,3,12.6,0.0,8.8,06:20:00,16.5,11:10:00,99,0.8,5.0,Varias,7.3,1029.5,10:00:00,1026.5,01:00:00,70.0,87.0,06:20:00,50.0,12:20:00
2024-12-22,B228,"PALMA, PUERTO",BALEARES,3,15.4,3.4,11.4,00:00:00,19.4,20:40:00,33,1.7,23.6,22:40,7.8,1027.6,00:00:00,1013.7,23:00:00,66.0,78.0,07:20:00,35.0,20:40:00
2024-12-23,B228,"PALMA, PUERTO",BALEARES,3,13.8,0.1,10.6,23:59:00,17.1,00:00:00,32,1.7,14.4,00:20,7.9,1023.9,23:00:00,1017.3,00:00:00,64.0,91.0,04:30:00,39.0,00:00:00
2024-12-24,B228,"PALMA, PUERTO",BALEARES,3,13.0,0.0,8.7,01:30:00,17.2,12:50:00,36,1.4,9.7,14:30,7.3,1025.0,22:00:00,1021.8,13:00:00,61.0,87.0,23:40:00,50.0,10:50:00
2024-12-25,B228,"PALMA, PUERTO",BALEARES,3,12.9,0.0,8.5,23:59:00,17.3,11:40:00,04,1.7,8.9,10:30,8.2,1028.3,21:00:00,1024.4,01:00:00,69.0,93.0,03:20:00,46.0,11:40:00
2024-12-26,B228,"PALMA, PUERTO",BALEARES,3,12.4,0.0,6.4,07:20:00,18.5,13:00:00,30,0.6,4.2,23:20,8.6,1029.1,,1026.8,14:00:00,61.0,82.0,00:10:00,32.0,11:40:00
2024-12-27,B228,"PALMA, PUERTO",BALEARES,3,11.9,0.0,8.0,02:50:00,15.8,12:30:00,05,1.4,6.9,11:40,1.3,1030.3,10:00:00,1028.3,14:00:00,72.0,87.0,02:50:00,60.0,09:50:00
2024-12-28,B228,"PALMA, PUERTO",BALEARES,3,12.0,0.0,7.2,05:50:00,16.7,12:30:00,23,0.8,3.9,15:10,8.1,1030.4,10:00:00,1027.6,,75.0,91.0,05:10:00,54.0,13:00:00
2024-12-29,B228,"PALMA, PUERTO",BALEARES,3,11.8,0.0,7.3,07:00:00,16.4,12:40:00,20,0.6,4.2,Varias,6.9,1029.6,23:00:00,1027.4,05:00:00,80.0,95.0,05:50:00,63.0,11:10:00
2024-12-30,B228,"PALMA, PUERTO",BALEARES,3,13.0,0.0,8.4,03:50:00,17.6,13:00:00,35,0.6,3.3,19:40,7.5,1030.5,10:00:00,1028.3,15:00:00,75.0,95.0,06:40:00,53.0,13:10:00
2024-12-31,B228,"PALMA, PUERTO",BALEARES,3,13.9,0.0,10.2,07:30:00,17.6,12:20:00,04,1.7,5.8,Varias,6.7,1030.3,10:00:00,1028.0,,70.0,85.0,07:30:00,57.0,13:10:00
2025-01-01,B228,"PALMA, PUERTO",BALEARES,3,15.0,0.0,11.2,23:59:00,18.8,13:10:00,06,1.7,6.1,11:00,7.1,1029.4,,1026.5,14:00:00,74.0,90.0,21:10:00,59.0,13:10:00
2025-01-02,B228,"PALMA, PUERTO",BALEARES,3,13.7,0.0,9.1,06:50:00,18.3,14:40:00,14,0.3,3.9,12:00,8.0,1027.1,09:00:00,1023.7,15:00:00,82.0,94.0,,61.0,16:30:00
2025-01-03,B228,"PALMA, PUERTO",BALEARES,3,14.1,0.0,10.3,00:10:00,17.9,12:50:00,23,0.6,7.5,14:20,6.8,1024.3,00:00:00,1019.2,15:00:00,73.0,94.0,,54.0,13:00:00
2025-01-04,B228,"PALMA, PUERTO",BALEARES,3,14.2,0.0,10.0,05:50:00,18.3,14:30:00,16,0.8,5.3,12:20,6.7,1021.5,10:00:00,1018.2,,75.0,94.0,,59.0,14:30:00
2025-01-05,B228,"PALMA, PUERTO",BALEARES,3,14.0,0.0,10.3,04:30:00,17.7,12:30:00,23,1.7,10.3,21:40,4.7,1018.2,00:00:00,1010.5,,80.0,98.0,06:40:00,55.0,12:20:00
2025-01-06,B228,"PALMA, PUERTO",BALEARES,3,16.4,4.2,14.3,23:10:00,18.5,10:20:00,23,2.2,9.4,12:50,2.0,1010.5,00:00:00,1004.8,14:00:00,78.0,86.0,17:20:00,56.0,23:59:00
2025-01-07,B228,"PALMA, PUERTO",BALEARES,3,14.6,0.0,11.3,07:10:00,18.0,13:20:00,33,1.1,8.1,01:00,8.4,1019.9,20:00:00,1009.6,00:00:00,55.0,66.0,23:50:00,39.0,11:30:00
2025-01-08,B228,"PALMA, PUERTO",BALEARES,3,16.2,0.0,13.8,02:30:00,18.5,11:40:00,23,2.5,8.9,12:20,6.7,1019.4,07:00:00,1014.9,,76.0,88.0,,56.0,11:40:00
2025-01-09,B228,"PALMA, PUERTO",BALEARES,3,17.9,0.0,13.9,23:30:00,21.9,14:00:00,25,1.9,10.3,01:30,7.5,1020.6,23:00:00,1014.6,03:00:00,59.0,84.0,00:00:00,42.0,14:10:00
2025-01-10,B228,"PALMA, PUERTO",BALEARES,3,17.4,0.0,14.1,00:20:00,20.8,10:40:00,23,1.4,7.8,12:10,8.2,1023.0,10:00:00,1019.8,02:00:00,68.0,85.0,22:10:00,49.0,02:00:00
2025-01-11,B228,"PALMA, PUERTO",BALEARES,3,15.8,0.1,11.4,03:50:00,20.3,12:10:00,35,1.1,10.8,22:10,1.5,1020.6,,1016.8,,75.0,95.0,05:30:00,52.0,12:10:00
2025-01-12,B228,"PALMA, PUERTO",BALEARES,3,10.8,0.0,6.9,23:50:00,14.7,10:50:00,06,2.8,11.1,12:40,7.1,1026.5,23:00:00,1020.6,00:00:00,58.0,81.0,00:10:00,42.0,13:30:00
2025-01-13,B228,"PALMA, PUERTO",BALEARES,3,10.0,0.0,6.9,00:20:00,13.2,11:40:00,35,2.8,9.7,12:50,7.7,1027.3,23:00:00,1024.8,,53.0,72.0,00:10:00,41.0,11:40:00
2025-01-14,B228,"PALMA, PUERTO",BALEARES,3,10.8,0.0,7.3,23:50:00,14.3,13:30:00,08,2.8,13.3,13:50,6.5,1028.2,23:00:00,1025.6,05:00:00,52.0,80.0,23:59:00,46.0,
2025-01-15,B228,"PALMA, PUERTO",BALEARES,3,10.2,0.0,5.5,06:00:00,14.8,,16,0.8,3.9,12:20,8.0,1027.7,00:00:00,1021.9,,66.0,84.0,04:30:00,49.0,14:40:00
2025-01-16,B228,"PALMA, PUERTO",BALEARES,3,11.6,1.9,8.3,00:00:00,15.0,10:50:00,05,2.2,15.3,14:20,1.4,1023.8,22:00:00,1020.0,05:00:00,69.0,81.0,17:30:00,56.0,10:30:00
2025-01-17,B228,"PALMA, PUERTO",BALEARES,3,12.6,0.3,9.6,01:50:00,15.7,14:30:00,05,2.2,14.2,14:40,6.0,1025.1,10:00:00,1022.8,14:00:00,76.0,88.0,07:10:00,56.0,23:50:00
2025-01-18,B228,"PALMA, PUERTO",BALEARES,3,13.5,6.3,11.4,08:00:00,15.6,12:50:00,35,1.7,8.1,01:30,3.5,1023.0,00:00:00,1019.3,,59.0,66.0,,50.0,19:00:00
2025-01-19,B228,"PALMA, PUERTO",BALEARES,3,11.4,1.3,8.5,23:50:00,14.2,13:30:00,36,2.5,10.0,11:00,4.5,1019.8,,1017.5,04:00:00,75.0,94.0,06:20:00,57.0,00:00:00
2025-01-20,B228,"PALMA, PUERTO",BALEARES,3,11.9,0.2,7.1,05:10:00,16.7,12:00:00,23,1.7,8.1,13:40,4.6,1019.7,00:00:00,1016.4,,80.0,94.0,07:00:00,65.0,13:00:00
2025-01-21,B228,"PALMA, PUERTO",BALEARES,3,15.7,0.0,13.3,00:10:00,18.1,12:20:00,19,1.1,5.3,03:50,1.2,1016.5,00:00:00,1013.2,15:00:00,81.0,94.0,23:50:00,71.0,11:30:00
2025-01-22,B228,"PALMA, PUERTO",BALEARES,3,14.8,0.0,11.2,06:50:00,18.4,13:00:00,21,1.4,5.8,14:00,2.2,1013.7,00:00:00,1010.7,15:00:00,83.0,98.0,06:30:00,71.0,23:20:00
2025-01-23,B228,"PALMA, PUERTO",BALEARES,3,16.4,0.0,10.7,06:40:00,22.1,13:10:00,20,0.8,6.4,10:50,7.6,1019.4,,1011.7,,71.0,94.0,02:20:00,44.0,13:50:00
2025-01-24,B228,"PALMA, PUERTO",BALEARES,3,16.0,0.0,10.4,04:40:00,21.6,13:10:00,21,0.6,5.8,12:00,5.5,1021.2,10:00:00,1018.2,22:00:00,81.0,98.0,09:00:00,54.0,13:10:00
2025-01-25,B228,"PALMA, PUERTO",BALEARES,3,15.0,0.0,11.2,07:40:00,18.7,14:20:00,19,1.4,6.7,12:40,7.5,1018.4,,1014.4,13:00:00,89.0,99.0,,69.0,16:30:00
2025-01-26,B228,"PALMA, PUERTO",BALEARES,3,14.2,0.0,10.1,07:20:00,18.2,12:30:00,21,1.7,7.2,16:30,5.7,1021.6,09:00:00,1016.7,,79.0,91.0,22:50:00,64.0,12:20:00
2025-01-27,B228,"PALMA, PUERTO",BALEARES,3,18.3,0.0,15.9,05:00:00,20.7,12:50:00,29,2.5,13.6,23:40,5.4,1016.7,00:00:00,1008.1,22:00:00,82.0,93.0,04:40:00,46.0,23:40:00
2025-01-28,B228,"PALMA, PUERTO",BALEARES,3,16.7,0.0,13.8,19:50:00,19.6,00:00:00,27,2.5,16.1,13:10,5.5,1019.6,,1009.9,00:00:00,54.0,61.0,02:00:00,36.0,
2025-01-29,B228,"PALMA, PUERTO",BALEARES,3,14.4,0.3,11.8,07:20:00,17.0,11:20:00,24,1.1,12.2,13:30,5.7,1020.9,08:00:00,1012.3,,64.0,84.0,23:40:00,46.0,00:00:00
2025-01-30,B228,"PALMA, PUERTO",BALEARES,3,14.1,0.0,10.8,20:40:00,17.4,11:20:00,31,1.1,7.8,13:50,7.8,1021.5,,1010.2,04:00:00,60.0,91.0,04:30:00,41.0,
2025-01-31,B228,"PALMA, PUERTO",BALEARES,3,12.6,0.0,9.6,05:20:00,15.6,12:10:00,01,1.9,10.6,11:00,3.7,1025.8,21:00:00,1021.3,02:00:00,66.0,82.0,05:10:00,51.0,11:10:00
2025-02-01,B228,"PALMA, PUERTO",BALEARES,3,11.0,5.9,9.0,22:50:00,12.9,12:10:00,06,1.1,6.4,19:40,1.7,1025.0,00:00:00,1018.7,17:00:00,84.0,91.0,15:40:00,65.0,11:40:00
2025-02-02,B228,"PALMA, PUERTO",BALEARES,3,11.8,0.3,9.2,00:30:00,14.5,12:00:00,35,1.9,8.6,13:30,3.3,1020.3,,1016.1,14:00:00,73.0,85.0,00:50:00,56.0,11:30:00
2025-02-03,B228,"PALMA, PUERTO",BALEARES,3,12.8,0.0,8.4,23:59:00,17.3,12:50:00,33,1.4,7.8,15:30,7.9,1025.0,,1019.6,03:00:00,58.0,81.0,07:30:00,32.0,13:40:00
2025-02-04,B228,"PALMA, PUERTO",BALEARES,3,12.0,0.0,7.1,03:30:00,17.0,13:10:00,22,0.8,4.4,13:20,7.4,1029.8,,1024.9,00:00:00,70.0,88.0,07:20:00,53.0,14:00:00
2025-02-05,B228,"PALMA, PUERTO",BALEARES,3,12.4,0.0,7.3,06:50:00,17.5,12:10:00,23,0.6,5.8,14:50,7.8,1032.0,10:00:00,1029.6,01:00:00,73.0,91.0,,36.0,12:00:00
2025-02-06,B228,"PALMA, PUERTO",BALEARES,3,12.0,0.0,8.1,05:40:00,15.9,13:40:00,36,1.7,8.1,12:10,7.9,1030.6,00:00:00,1024.5,,59.0,83.0,02:10:00,37.0,12:20:00
2025-02-07,B228,"PALMA, PUERTO",BALEARES,3,11.6,0.5,7.4,04:50:00,15.7,11:50:00,99,1.7,8.1,Varias,7.9,1024.5,00:00:00,1019.3,16:00:00,71.0,91.0,,53.0,14:30:00
2025-02-08,B228,"PALMA, PUERTO",BALEARES,3,12.0,3.4,7.6,23:30:00,16.4,09:50:00,34,4.2,11.9,12:00,5.9,1024.9,,1016.8,,66.0,89.0,07:30:00,48.0,14:00:00
2025-02-09,B228,"PALMA, PUERTO",BALEARES,3,11.6,0.0,6.4,07:00:00,16.9,12:30:00,22,1.4,8.9,13:20,7.8,1026.7,,1024.5,03:00:00,68.0,87.0,03:20:00,52.0,12:30:00
2025-02-10,B228,"PALMA, PUERTO",BALEARES,3,12.8,0.0,9.1,06:50:00,16.5,12:30:00,18,1.1,5.3,16:20,6.7,1025.8,00:00:00,1021.7,,75.0,87.0,,61.0,11:30:00
2025-02-11,B228,"PALMA, PUERTO",BALEARES,3,14.5,0.0,10.8,07:20:00,18.2,13:10:00,18,0.8,4.4,13:20,8.0,1021.7,00:00:00,1017.7,16:00:00,78.0,94.0,23:40:00,63.0,12:30:00
2025-02-12,B228,"PALMA, PUERTO",BALEARES,3,13.5,0.0,10.0,03:20:00,17.0,12:20:00,22,0.8,5.8,15:50,5.4,1018.1,00:00:00,1013.4,15:00:00,84.0,95.0,02:50:00,77.0,11:30:00
2025-02-13,B228,"PALMA, PUERTO",BALEARES,3,13.8,0.4,10.4,23:59:00,17.1,13:20:00,33,2.5,10.0,14:20,5.2,1019.6,,1014.6,,75.0,93.0,,61.0,13:00:00
2025-02-14,B228,"PALMA, PUERTO",BALEARES,3,13.9,0.0,9.0,04:30:00,18.8,13:00:00,24,1.9,8.6,13:10,6.8,1019.5,00:00:00,1014.6,16:00:00,80.0,95.0,,64.0,
2025-02-15,B228,"PALMA, PUERTO",BALEARES,3,14.3,0.0,10.8,07:10:00,17.8,12:40:00,17,1.4,7.8,14:10,7.3,1017.2,09:00:00,1014.3,16:00:00,75.0,91.0,04:50:00,59.0,12:10:00
2025-02-16,B228,"PALMA, PUERTO",BALEARES,3,14.2,0.0,10.9,23:59:00,17.5,12:20:00,22,0.8,4.4,15:50,5.2,1015.3,,1012.7,17:00:00,83.0,96.0,23:50:00,68.0,11:50:00
2025-02-17,B228,"PALMA, PUERTO",BALEARES,3,13.6,0.0,9.7,05:00:00,17.6,13:50:00,20,1.1,5.8,14:30,8.2,1017.1,,1014.4,,89.0,98.0,04:00:00,75.0,09:30:00
2025-02-18,B228,"PALMA, PUERTO",BALEARES,3,15.2,0.0,11.8,06:20:00,18.6,13:30:00,35,0.8,4.7,22:20,5.6,1017.5,10:00:00,1014.6,16:00:00,77.0,93.0,00:30:00,63.0,23:40:00
2025-02-19,B228,"PALMA, PUERTO",BALEARES,3,16.6,0.0,11.7,04:40:00,21.4,12:10:00,35,1.7,5.8,06:40,4.6,1022.4,,1015.5,04:00:00,72.0,95.0,,58.0,12:20:00
2025-02-20,B228,"PALMA, PUERTO",BALEARES,3,15.0,0.0,11.5,04:50:00,18.4,14:30:00,34,1.1,4.4,00:30,5.6,1027.5,,1022.3,00:00:00,82.0,95.0,,69.0,14:40:00
2025-02-21,B228,"PALMA, PUERTO",BALEARES,3,15.2,0.0,13.4,22:30:00,17.1,14:40:00,19,0.8,3.3,15:10,1.9,1027.5,00:00:00,1022.7,,81.0,90.0,22:00:00,73.0,11:00:00
2025-02-22,B228,"PALMA, PUERTO",BALEARES,3,17.0,11.3,13.8,06:50:00,20.3,12:10:00,19,1.4,5.3,13:00,3.5,1022.8,00:00:00,1018.4,15:00:00,79.0,89.0,19:20:00,63.0,12:10:00
2025-02-23,B228,"PALMA, PUERTO",BALEARES,3,14.6,1.2,12.7,23:50:00,16.4,13:10:00,05,1.1,5.8,07:30,0.0,1029.7,20:00:00,1022.1,00:00:00,91.0,97.0,23:50:00,84.0,13:10:00
2025-02-24,B228,"PALMA, PUERTO",BALEARES,3,15.1,0.0,11.9,03:30:00,18.3,11:50:00,19,1.4,7.2,14:30,6.7,1029.5,00:00:00,1024.3,,88.0,99.0,,71.0,12:40:00
2025-02-25,B228,"PALMA, PUERTO",BALEARES,3,15.3,11.2,11.9,23:59:00,18.7,10:50:00,33,1.4,7.5,20:30,1.8,1024.3,00:00:00,1018.6,14:00:00,80.0,95.0,,47.0,15:00:00
2025-02-26,B228,"PALMA, PUERTO",BALEARES,3,13.6,0.0,9.5,05:40:00,17.6,13:30:00,99,0.6,8.6,00:40,8.1,1025.4,10:00:00,1022.1,16:00:00,68.0,95.0,00:00:00,42.0,15:50:00
2025-02-27,B228,"PALMA, PUERTO",BALEARES,3,12.8,0.0,8.1,06:20:00,17.4,12:30:00,20,1.1,4.2,13:20,3.5,1023.0,00:00:00,1018.5,16:00:00,78.0,92.0,23:59:00,62.0,08:50:00
2025-02-28,B228,"PALMA, PUERTO",BALEARES,3,13.8,0.0,9.1,04:00:00,18.6,13:50:00,04,1.9,7.5,16:20,3.7,1019.7,00:00:00,1015.4,21:00:00,71.0,94.0,03:30:00,51.0,13:20:00
2025-03-01,B228,"PALMA, PUERTO",BALEARES,3,14.0,0.0,11.4,00:50:00,16.6,12:30:00,06,5.0,11.1,Varias,4.0,1017.1,,1013.8,14:00:00,67.0,86.0,02:40:00,54.0,13:20:00
2025-03-02,B228,"PALMA, PUERTO",BALEARES,3,14.6,0.0,11.3,05:00:00,17.8,12:30:00,05,3.1,11.4,15:20,7.5,1020.5,22:00:00,1016.4,04:00:00,75.0,85.0,20:00:00,59.0,10:50:00
2025-03-03,B228,"PALMA, PUERTO",BALEARES,3,16.8,0.0,14.1,00:00:00,19.5,12:30:00,06,3.3,9.2,09:50,2.9,1020.6,09:00:00,1018.1,16:00:00,77.0,90.0,05:30:00,62.0,12:40:00
2025-03-04,B228,"PALMA, PUERTO",BALEARES,3,16.4,0.0,14.8,00:40:00,17.9,12:10:00,05,3.3,9.7,12:40,3.0,1019.7,,1017.1,14:00:00,81.0,88.0,06:40:00,73.0,13:00:00
2025-03-05,B228,"PALMA, PUERTO",BALEARES,3,15.4,0.0,14.4,04:00:00,16.5,14:20:00,06,3.9,10.6,09:00,0.1,1019.6,,1017.5,05:00:00,80.0,86.0,03:50:00,73.0,
2025-03-06,B228,"PALMA, PUERTO",BALEARES,3,16.6,0.1,14.8,04:30:00,18.3,11:20:00,06,2.5,8.3,09:20,0.1,1018.2,00:00:00,1013.9,17:00:00,85.0,90.0,17:00:00,68.0,11:20:00
2025-03-07,B228,"PALMA, PUERTO",BALEARES,3,16.3,2.2,13.4,06:20:00,19.2,12:10:00,99,0.8,5.3,Varias,,1014.2,00:00:00,1011.2,16:00:00,86.0,97.0,23:50:00,73.0,12:50:00
2025-03-08,B228,"PALMA, PUERTO",BALEARES,3,16.8,0.8,13.9,01:30:00,19.6,12:10:00,11,1.9,6.9,14:50,,1011.7,00:00:00,1000.4,,82.0,97.0,00:30:00,68.0,13:30:00
2025-03-09,B228,"PALMA, PUERTO",BALEARES,3,15.0,8.3,12.8,09:40:00,17.2,01:50:00,20,3.9,13.9,08:50,,1003.2,21:00:00,999.5,04:00:00,76.0,93.0,09:30:00,61.0,13:40:00
2025-03-10,B228,"PALMA, PUERTO",BALEARES,3,14.0,5.0,11.2,22:00:00,16.7,10:30:00,19,1.4,12.2,06:40,3.4,1005.5,22:00:00,1001.5,03:00:00,83.0,95.0,23:30:00,69.0,00:00:00
2025-03-11,B228,"PALMA, PUERTO",BALEARES,3,15.1,0.0,11.7,00:40:00,18.5,13:10:00,22,1.7,8.1,10:40,6.4,1005.0,00:00:00,999.6,,80.0,94.0,00:30:00,63.0,11:20:00
2025-03-12,B228,"PALMA, PUERTO",BALEARES,3,15.6,0.0,12.3,,18.8,13:50:00,36,1.4,11.4,11:40,9.5,1001.7,12:00:00,999.0,03:00:00,70.0,89.0,03:30:00,50.0,14:30:00
2025-03-13,B228,"PALMA, PUERTO",BALEARES,3,14.9,11.4,11.7,02:20:00,18.1,11:10:00,22,1.9,9.4,09:10,4.5,1000.3,00:00:00,993.7,18:00:00,74.0,97.0,21:40:00,52.0,09:00:00
2025-03-14,B228,"PALMA, PUERTO",BALEARES,3,13.8,15.0,11.0,05:20:00,16.7,12:10:00,05,1.4,5.0,23:30,,1001.7,,995.3,03:00:00,90.0,98.0,,73.0,12:10:00
2025-03-15,B228,"PALMA, PUERTO",BALEARES,3,11.6,0.3,7.7,23:59:00,15.4,14:30:00,24,2.5,10.0,13:00,,1016.2,22:00:00,1001.6,00:00:00,58.0,94.0,01:10:00,39.0,14:50:00
2025-03-16,B228,"PALMA, PUERTO",BALEARES,3,12.5,0.0,7.1,01:10:00,17.9,12:10:00,22,2.2,9.2,17:20,,1017.2,10:00:00,1014.6,,67.0,84.0,05:50:00,41.0,11:50:00
2025-03-17,B228,"PALMA, PUERTO",BALEARES,3,13.8,0.0,10.8,04:30:00,16.8,11:50:00,05,1.9,6.7,18:20,1.6,1017.7,10:00:00,1015.7,16:00:00,66.0,83.0,00:50:00,50.0,11:10:00
2025-03-18,B228,"PALMA, PUERTO",BALEARES,3,14.5,0.7,11.4,03:20:00,17.6,11:00:00,06,3.1,8.9,12:00,4.5,1019.6,,1015.7,03:00:00,71.0,88.0,23:50:00,60.0,11:00:00
2025-03-19,B228,"PALMA, PUERTO",BALEARES,3,17.1,0.0,14.5,00:00:00,19.7,15:20:00,06,3.1,6.7,16:30,6.8,1021.9,22:00:00,1018.9,03:00:00,85.0,90.0,06:30:00,71.0,15:40:00
2025-03-20,B228,"PALMA, PUERTO",BALEARES,3,19.6,0.0,15.6,01:40:00,23.6,13:40:00,05,1.7,7.2,03:10,5.1,1021.5,00:00:00,1015.1,,69.0,88.0,06:10:00,48.0,13:10:00
2025-03-21,B228,"PALMA, PUERTO",BALEARES,3,16.9,3.7,14.0,12:20:00,19.8,05:40:00,99,1.9,12.2,Varias,5.8,1015.4,11:00:00,1009.8,08:00:00,77.0,90.0,11:20:00,61.0,05:00:00
2025-03-22,B228,"PALMA, PUERTO",BALEARES,3,15.8,1.7,13.3,13:50:00,18.4,11:50:00,24,2.5,13.9,12:40,,1011.5,00:00:00,1006.4,17:00:00,81.0,93.0,,50.0,11:40:00
2025-03-23,B228,"PALMA, PUERTO",BALEARES,3,14.4,2.5,12.0,23:59:00,16.9,,24,1.7,11.4,13:50,,1010.0,22:00:00,1005.3,04:00:00,54.0,94.0,05:00:00,43.0,14:00:00
2025-03-24,B228,"PALMA, PUERTO",BALEARES,3,14.2,5.4,11.1,02:50:00,17.2,12:40:00,30,1.9,6.9,13:40,5.9,1017.9,22:00:00,1008.6,,73.0,92.0,06:30:00,54.0,14:40:00
2025-03-25,B228,"PALMA, PUERTO",BALEARES,3,14.8,2.5,10.7,23:50:00,18.9,14:00:00,12,1.4,7.8,14:10,5.0,1020.2,21:00:00,1016.8,03:00:00,75.0,91.0,23:50:00,56.0,11:10:00
2025-03-26,B228,"PALMA, PUERTO",BALEARES,3,14.8,2.3,10.4,00:20:00,19.1,12:50:00,22,1.4,5.6,13:20,3.7,1019.6,00:00:00,1015.6,16:00:00,66.0,91.0,01:00:00,48.0,15:40:00
2025-03-27,B228,"PALMA, PUERTO",BALEARES,3,14.6,0.0,9.8,05:40:00,19.4,13:10:00,16,1.1,7.5,14:10,8.8,1016.7,00:00:00,1013.4,16:00:00,62.0,89.0,,44.0,10:50:00
2025-03-28,B228,"PALMA, PUERTO",BALEARES,3,14.8,0.0,10.6,05:10:00,19.1,11:20:00,34,1.1,8.1,14:50,6.2,1015.1,00:00:00,1011.9,15:00:00,62.0,92.0,04:10:00,44.0,16:20:00
2025-03-29,B228,"PALMA, PUERTO",BALEARES,3,14.9,0.0,11.7,22:20:00,18.1,14:10:00,01,3.3,15.3,13:40,,1016.1,22:00:00,1011.0,08:00:00,47.0,66.0,04:40:00,29.0,14:20:00
2025-03-30,B228,"PALMA, PUERTO",BALEARES,3,15.4,0.0,10.8,01:40:00,19.9,14:30:00,32,1.7,7.8,08:50,,1019.8,22:00:00,1015.0,03:00:00,41.0,70.0,04:40:00,19.0,15:10:00
2025-03-31,B228,"PALMA, PUERTO",BALEARES,3,17.6,0.0,12.0,05:50:00,23.1,11:50:00,24,1.4,9.4,10:30,11.0,1019.0,00:00:00,1013.4,15:00:00,60.0,77.0,09:50:00,22.0,11:40:00
2025-04-01,B228,"PALMA, PUERTO",BALEARES,3,15.8,0.0,11.1,05:40:00,20.4,14:40:00,21,1.9,6.7,12:30,10.5,1013.6,00:00:00,1006.5,16:00:00,65.0,80.0,,44.0,14:30:00
2025-04-02,B228,"PALMA, PUERTO",BALEARES,3,17.5,0.3,14.0,00:00:00,21.0,13:20:00,06,2.2,8.3,22:20,7.3,1013.5,,1006.7,04:00:00,61.0,82.0,08:40:00,48.0,17:30:00
2025-04-03,B228,"PALMA, PUERTO",BALEARES,3,18.0,0.0,14.1,03:30:00,21.9,13:40:00,05,3.3,10.0,13:10,6.9,1014.9,10:00:00,1012.7,,73.0,82.0,04:30:00,62.0,13:40:00
2025-04-04,B228,"PALMA, PUERTO",BALEARES,3,19.8,0.0,15.9,23:50:00,23.8,12:50:00,06,1.4,15.3,01:00,,1012.7,00:00:00,1008.3,15:00:00,72.0,88.0,22:40:00,58.0,12:00:00
2025-04-05,B228,"PALMA, PUERTO",BALEARES,3,18.2,0.0,14.4,23:40:00,22.1,14:10:00,23,1.4,7.8,12:20,,1012.4,22:00:00,1010.5,15:00:00,66.0,88.0,,44.0,16:10:00
2025-04-06,B228,"PALMA, PUERTO",BALEARES,3,18.8,0.0,13.0,05:50:00,24.7,13:40:00,19,0.8,7.5,13:20,,1013.0,,1009.9,16:00:00,52.0,89.0,03:20:00,35.0,15:30:00
2025-04-07,B228,"PALMA, PUERTO",BALEARES,3,19.6,0.0,14.8,05:20:00,24.4,11:20:00,22,1.1,5.3,14:10,11.1,1020.2,,1012.7,,67.0,93.0,19:00:00,37.0,
2025-04-08,B228,"PALMA, PUERTO",BALEARES,3,17.2,0.0,13.6,03:20:00,20.9,10:40:00,20,1.4,6.9,13:30,11.1,1022.4,09:00:00,1019.9,02:00:00,73.0,91.0,20:10:00,52.0,09:20:00
2025-04-09,B228,"PALMA, PUERTO",BALEARES,3,16.6,0.0,12.6,05:00:00,20.5,13:00:00,21,1.9,5.8,Varias,11.1,1021.4,00:00:00,1016.6,,76.0,88.0,00:00:00,61.0,09:20:00
2025-04-10,B228,"PALMA, PUERTO",BALEARES,3,18.7,0.0,14.3,05:30:00,23.1,11:59:00,06,1.9,6.9,08:20,10.4,1021.4,22:00:00,1017.9,00:00:00,69.0,89.0,03:00:00,53.0,11:50:00
2025-04-11,B228,"PALMA, PUERTO",BALEARES,3,17.8,0.6,13.4,04:10:00,22.2,12:30:00,07,2.8,7.8,10:20,,1020.9,00:00:00,1013.1,,64.0,86.0,01:50:00,43.0,13:20:00
2025-04-12,B228,"PALMA, PUERTO",BALEARES,3,18.2,0.8,15.9,03:30:00,20.5,12:20:00,20,1.4,6.9,12:50,,1013.3,02:00:00,1008.5,17:00:00,81.0,95.0,23:30:00,58.0,01:30:00
2025-04-13,B228,"PALMA, PUERTO",BALEARES,3,18.2,0.4,16.4,04:00:00,20.0,13:30:00,20,0.8,4.4,15:50,,1010.4,00:00:00,1007.3,17:00:00,91.0,97.0,22:10:00,85.0,01:00:00
2025-04-14,B228,"PALMA, PUERTO",BALEARES,3,18.8,1.1,16.8,05:20:00,20.7,15:20:00,22,1.4,10.0,16:00,3.8,1009.0,00:00:00,1003.9,15:00:00,90.0,97.0,,73.0,16:20:00
2025-04-15,B228,"PALMA, PUERTO",BALEARES,3,18.6,0.9,15.2,05:50:00,21.9,10:40:00,22,1.9,10.8,16:40,7.6,1005.7,,1002.4,04:00:00,71.0,95.0,,39.0,13:30:00
2025-04-16,B228,"PALMA, PUERTO",BALEARES,3,15.2,0.0,12.6,04:00:00,17.8,13:30:00,35,2.2,10.6,11:50,,1011.4,,1005.1,02:00:00,60.0,88.0,04:00:00,47.0,16:20:00
2025-04-17,B228,"PALMA, PUERTO",BALEARES,3,16.8,0.0,13.3,01:10:00,20.3,14:20:00,32,1.7,11.1,09:30,,1017.2,22:00:00,1010.1,02:00:00,41.0,72.0,23:59:00,27.0,11:40:00
2025-04-18,B228,"PALMA, PUERTO",BALEARES,3,17.6,0.0,14.5,00:10:00,20.7,11:50:00,18,1.7,6.1,14:50,,1016.8,00:00:00,1009.7,,79.0,92.0,21:30:00,63.0,00:30:00
2025-04-19,B228,"PALMA, PUERTO",BALEARES,3,17.3,2.0,13.9,05:30:00,20.7,13:10:00,26,2.5,12.2,15:10,,1009.9,00:00:00,1004.7,15:00:00,70.0,94.0,05:00:00,39.0,17:00:00
2025-04-20,B228,"PALMA, PUERTO",BALEARES,3,16.6,0.0,13.2,05:40:00,20.0,11:10:00,24,2.2,7.8,11:30,,1012.9,23:00:00,1007.8,01:00:00,56.0,80.0,06:20:00,36.0,12:10:00
2025-04-21,B228,"PALMA, PUERTO",BALEARES,3,17.6,0.0,12.0,05:30:00,23.1,14:00:00,01,1.4,11.4,09:40,,1017.7,21:00:00,1012.4,01:00:00,55.0,87.0,04:00:00,34.0,13:20:00
2025-04-22,B228,"PALMA, PUERTO",BALEARES,3,16.8,0.0,13.2,05:00:00,20.4,10:30:00,19,1.7,5.3,11:30,6.0,1019.8,23:00:00,1016.7,,72.0,86.0,,64.0,07:20:00
2025-04-23,B228,"PALMA, PUERTO",BALEARES,3,19.2,0.0,15.0,23:59:00,23.3,12:00:00,22,1.7,8.6,13:30,10.6,1021.2,10:00:00,1018.4,16:00:00,57.0,80.0,05:20:00,41.0,14:50:00
2025-04-24,B228,"PALMA, PUERTO",BALEARES,3,19.6,0.0,14.2,03:00:00,24.9,13:50:00,20,1.1,7.2,14:30,11.6,1019.7,00:00:00,1015.4,16:00:00,62.0,78.0,04:30:00,40.0,11:00:00
2025-04-25,B228,"PALMA, PUERTO",BALEARES,3,18.2,0.0,15.6,02:00:00,20.9,13:10:00,20,1.4,6.4,13:30,,1016.9,01:00:00,1013.0,18:00:00,78.0,89.0,,73.0,09:20:00
2025-04-26,B228,"PALMA, PUERTO",BALEARES,3,19.4,0.0,16.0,03:30:00,22.9,14:00:00,06,1.4,7.8,18:10,,1017.9,,1011.7,04:00:00,76.0,92.0,01:10:00,62.0,13:50:00
2025-04-27,B228,"PALMA, PUERTO",BALEARES,3,18.9,0.0,15.7,02:40:00,22.1,14:00:00,01,1.7,10.0,14:50,,1021.4,21:00:00,1017.1,03:00:00,61.0,77.0,00:50:00,38.0,14:10:00
2025-04-28,B228,"PALMA, PUERTO",BALEARES,3,18.9,0.0,15.4,23:59:00,22.4,13:30:00,25,1.7,6.9,14:40,7.3,1021.5,23:00:00,1019.7,,65.0,81.0,05:40:00,49.0,13:20:00
2025-04-29,B228,"PALMA, PUERTO",BALEARES,3,18.6,0.0,14.5,01:00:00,22.6,10:50:00,16,2.5,8.6,14:20,10.8,1021.1,00:00:00,1016.7,18:00:00,68.0,84.0,23:40:00,53.0,10:40:00
2025-04-30,B228,"PALMA, PUERTO",BALEARES,3,21.0,0.0,16.6,02:00:00,25.5,14:00:00,11,3.9,10.3,13:40,,1018.2,00:00:00,1015.5,,61.0,85.0,06:00:00,44.0,12:20:00
2025-05-01,B228,"PALMA, PUERTO",BALEARES,3,22.4,0.0,18.5,00:00:00,26.2,10:50:00,04,2.2,8.3,01:20,,1017.2,22:00:00,1014.3,15:00:00,64.0,74.0,,54.0,11:10:00
2025-05-02,B228,"PALMA, PUERTO",BALEARES,3,23.0,0.0,19.3,03:40:00,26.7,12:10:00,01,2.2,7.2,04:00,,1016.1,00:00:00,1012.8,17:00:00,69.0,75.0,,56.0,15:00:00
2025-05-03,B228,"PALMA, PUERTO",BALEARES,3,22.9,0.0,20.4,01:10:00,25.4,11:50:00,22,1.9,6.9,07:00,,1015.5,01:00:00,1010.8,,77.0,86.0,09:10:00,59.0,05:50:00
2025-05-04,B228,"PALMA, PUERTO",BALEARES,3,22.2,0.0,19.0,04:00:00,25.3,12:40:00,24,2.2,8.9,12:40,,1011.3,01:00:00,1007.3,,75.0,93.0,03:50:00,40.0,16:30:00
2025-05-05,B228,"PALMA, PUERTO",BALEARES,3,20.7,5.8,18.1,23:59:00,23.3,09:50:00,19,2.2,8.9,14:30,11.3,1009.6,22:00:00,1006.2,04:00:00,64.0,77.0,,51.0,09:20:00
2025-05-06,B228,"PALMA, PUERTO",BALEARES,3,18.1,0.0,15.4,23:20:00,20.8,15:00:00,22,1.9,8.6,14:00,10.6,1015.0,,1008.8,02:00:00,69.0,95.0,04:10:00,42.0,14:10:00
2025-05-07,B228,"PALMA, PUERTO",BALEARES,3,17.8,0.0,14.0,02:50:00,21.5,10:40:00,24,1.7,6.1,14:20,9.2,1015.6,09:00:00,1012.9,16:00:00,68.0,84.0,02:40:00,53.0,10:10:00
2025-05-08,B228,"PALMA, PUERTO",BALEARES,3,18.8,24.7,15.6,04:40:00,21.9,11:40:00,20,1.9,6.7,15:10,10.7,1013.0,00:00:00,1010.7,14:00:00,70.0,83.0,04:30:00,55.0,09:20:00
2025-05-09,B228,"PALMA, PUERTO",BALEARES,3,18.8,0.0,15.8,02:40:00,21.9,13:00:00,20,1.4,7.2,14:30,,1014.3,21:00:00,1010.1,02:00:00,78.0,97.0,02:30:00,70.0,11:20:00
2025-05-10,B228,"PALMA, PUERTO",BALEARES,3,20.2,0.3,16.4,03:40:00,24.0,14:40:00,18,1.9,6.9,11:40,,1014.3,05:00:00,1009.5,18:00:00,73.0,88.0,,55.0,14:30:00
2025-05-11,B228,"PALMA, PUERTO",BALEARES,3,20.4,0.0,17.9,05:10:00,22.9,11:00:00,19,1.4,7.8,15:00,,1012.5,,1009.2,15:00:00,79.0,91.0,04:50:00,68.0,09:40:00
2025-05-12,B228,"PALMA, PUERTO",BALEARES,3,19.0,0.0,15.6,05:00:00,22.5,12:40:00,21,1.9,7.8,13:40,10.7,1013.9,21:00:00,1011.9,03:00:00,74.0,90.0,01:30:00,66.0,08:40:00
2025-05-13,B228,"PALMA, PUERTO",BALEARES,3,19.5,0.0,16.4,04:30:00,22.6,13:10:00,22,1.4,6.7,14:00,7.7,1014.4,09:00:00,1012.4,18:00:00,74.0,93.0,03:30:00,69.0,10:50:00
2025-05-14,B228,"PALMA, PUERTO",BALEARES,3,19.8,10.3,16.2,23:59:00,23.5,10:50:00,06,1.7,7.2,14:00,1.4,1013.8,21:00:00,1012.0,17:00:00,80.0,94.0,14:30:00,59.0,10:30:00
2025-05-15,B228,"PALMA, PUERTO",BALEARES,3,20.2,0.0,16.2,00:00:00,24.3,15:00:00,32,1.4,9.2,12:00,8.7,1013.2,23:00:00,1010.8,15:00:00,55.0,89.0,00:00:00,38.0,15:00:00
2025-05-16,B228,"PALMA, PUERTO",BALEARES,3,21.6,0.0,17.3,04:20:00,26.0,12:00:00,10,2.5,9.4,13:20,,1016.6,22:00:00,1011.5,,58.0,83.0,19:10:00,32.0,13:20:00
2025-05-17,B228,"PALMA, PUERTO",BALEARES,3,19.6,0.0,15.9,04:40:00,23.2,12:40:00,18,0.8,5.3,Varias,,1016.9,10:00:00,1015.4,04:00:00,68.0,82.0,04:40:00,62.0,00:50:00
2025-05-18,B228,"PALMA, PUERTO",BALEARES,3,21.8,0.0,16.7,04:50:00,26.8,10:10:00,23,1.7,6.4,12:30,,1016.6,00:00:00,1014.9,17:00:00,51.0,86.0,04:00:00,29.0,09:10:00
2025-05-19,B228,"PALMA, PUERTO",BALEARES,3,22.0,0.2,18.9,03:50:00,25.1,13:20:00,21,1.9,9.4,13:30,5.5,1015.4,00:00:00,1010.3,13:00:00,68.0,91.0,17:40:00,38.0,02:30:00
2025-05-20,B228,"PALMA, PUERTO",BALEARES,3,21.7,0.0,17.6,05:00:00,25.8,15:20:00,35,1.7,8.6,13:50,12.2,1019.1,22:00:00,1014.6,02:00:00,43.0,79.0,23:30:00,33.0,15:10:00
2025-05-21,B228,"PALMA, PUERTO",BALEARES,3,21.5,0.0,17.4,05:00:00,25.6,13:40:00,24,2.2,8.9,13:10,12.8,1018.7,00:00:00,1014.9,17:00:00,61.0,87.0,23:59:00,39.0,13:40:00
2025-05-22,B228,"PALMA, PUERTO",BALEARES,3,21.1,0.0,17.6,23:59:00,24.6,11:10:00,36,2.8,9.7,09:20,5.0,1016.7,22:00:00,1013.4,03:00:00,75.0,91.0,03:00:00,51.0,11:20:00
2025-05-23,B228,"PALMA, PUERTO",BALEARES,3,20.8,0.0,17.3,04:40:00,24.2,14:50:00,24,1.4,6.4,11:20,,1018.3,23:00:00,1014.9,16:00:00,56.0,76.0,04:40:00,41.0,14:40:00
2025-05-24,B228,"PALMA, PUERTO",BALEARES,3,21.2,0.0,17.7,,24.7,14:30:00,22,2.2,8.6,14:40,,1020.5,23:00:00,1017.3,04:00:00,61.0,78.0,23:59:00,46.0,14:30:00
2025-05-25,B228,"PALMA, PUERTO",BALEARES,3,20.0,0.0,16.1,04:50:00,23.9,15:00:00,20,2.8,9.2,13:20,,1020.3,00:00:00,1018.4,17:00:00,73.0,91.0,04:50:00,60.0,22:00:00
2025-05-26,B228,"PALMA, PUERTO",BALEARES,3,21.0,0.0,15.9,04:30:00,26.1,10:40:00,23,1.9,7.2,13:40,11.1,1020.8,23:00:00,1019.1,04:00:00,65.0,82.0,23:59:00,30.0,10:20:00
2025-05-27,B228,"PALMA, PUERTO",BALEARES,3,23.0,0.0,18.7,04:20:00,27.4,09:50:00,18,2.5,8.3,11:40,13.0,1022.8,22:00:00,1019.8,01:00:00,66.0,85.0,23:50:00,31.0,09:00:00
2025-05-28,B228,"PALMA, PUERTO",BALEARES,3,21.2,0.0,16.8,04:50:00,25.7,14:10:00,20,3.1,7.8,11:00,13.2,1023.6,09:00:00,1021.7,17:00:00,70.0,89.0,03:20:00,54.0,21:30:00
2025-05-29,B228,"PALMA, PUERTO",BALEARES,3,22.2,0.0,17.6,04:00:00,26.8,13:00:00,19,2.2,6.7,11:40,12.4,1022.9,07:00:00,1020.2,17:00:00,58.0,79.0,04:00:00,46.0,14:00:00
2025-05-30,B228,"PALMA, PUERTO",BALEARES,3,22.0,0.0,17.9,03:30:00,26.0,13:50:00,21,1.9,7.8,10:40,,1021.0,,1019.3,18:00:00,70.0,81.0,03:50:00,46.0,21:30:00
2025-05-31,B228,"PALMA, PUERTO",BALEARES,3,22.7,0.0,19.0,05:00:00,26.4,13:50:00,21,1.9,6.4,11:50,,1020.9,10:00:00,1019.0,,63.0,77.0,,48.0,06:50:00
2025-06-01,B228,"PALMA, PUERTO",BALEARES,3,24.4,0.0,19.6,04:40:00,29.1,13:30:00,22,1.4,5.3,15:00,,1020.2,00:00:00,1016.0,19:00:00,51.0,80.0,00:50:00,26.0,10:10:00
2025-06-02,B228,"PALMA, PUERTO",BALEARES,3,27.8,0.0,22.3,04:00:00,33.3,13:20:00,09,3.1,11.1,12:30,10.7,1016.7,00:00:00,1012.6,19:00:00,40.0,77.0,22:10:00,24.0,14:00:00
2025-06-03,B228,"PALMA, PUERTO",BALEARES,3,25.0,0.5,21.4,04:30:00,28.6,12:40:00,25,2.8,10.0,14:30,9.7,1013.2,00:00:00,1010.3,,69.0,90.0,23:50:00,54.0,12:30:00
2025-06-04,B228,"PALMA, PUERTO",BALEARES,3,23.6,0.0,21.5,23:50:00,25.6,08:40:00,19,3.1,8.6,13:20,10.4,1015.3,22:00:00,1011.8,05:00:00,81.0,91.0,01:20:00,76.0,08:30:00
2025-06-05,B228,"PALMA, PUERTO",BALEARES,3,23.5,0.0,20.0,03:20:00,27.0,08:50:00,19,2.2,7.2,09:50,12.8,1017.0,,1014.6,02:00:00,75.0,92.0,,56.0,22:30:00
2025-06-06,B228,"PALMA, PUERTO",BALEARES,3,23.2,0.0,19.4,02:50:00,26.9,12:40:00,20,1.9,6.4,12:10,,1017.5,08:00:00,1014.7,17:00:00,82.0,92.0,23:20:00,61.0,09:10:00
2025-06-07,B228,"PALMA, PUERTO",BALEARES,3,23.6,0.0,20.6,05:00:00,26.5,12:30:00,20,2.2,7.8,13:30,,1016.6,23:00:00,1014.0,16:00:00,83.0,91.0,00:00:00,77.0,
2025-06-08,B228,"PALMA, PUERTO",BALEARES,3,25.9,0.0,21.5,03:00:00,30.3,11:20:00,06,2.8,9.2,07:10,,1020.4,23:00:00,1016.1,01:00:00,67.0,93.0,04:00:00,53.0,11:20:00
2025-06-09,B228,"PALMA, PUERTO",BALEARES,3,24.4,0.0,21.0,03:40:00,27.7,09:30:00,19,2.2,7.5,12:10,12.6,1021.1,23:00:00,1018.5,18:00:00,70.0,79.0,18:50:00,50.0,09:10:00
2025-06-10,B228,"PALMA, PUERTO",BALEARES,3,25.7,0.0,23.0,04:20:00,28.4,12:20:00,99,1.9,5.8,Varias,11.5,1020.0,00:00:00,1017.1,23:00:00,66.0,82.0,22:20:00,53.0,16:50:00
2025-06-11,B228,"PALMA, PUERTO",BALEARES,3,26.6,0.0,22.1,,31.1,12:30:00,22,1.7,6.1,11:10,8.4,1017.2,00:00:00,1012.3,17:00:00,75.0,85.0,03:10:00,46.0,12:30:00
2025-06-12,B228,"PALMA, PUERTO",BALEARES,3,27.0,0.0,23.0,04:50:00,30.9,09:20:00,20,1.4,7.8,12:30,11.6,1015.3,23:00:00,1011.9,06:00:00,68.0,88.0,19:10:00,37.0,06:50:00
2025-06-13,B228,"PALMA, PUERTO",BALEARES,3,28.3,0.0,23.8,03:30:00,32.8,10:20:00,21,1.1,6.4,16:00,,1017.3,15:00:00,1014.8,00:00:00,48.0,84.0,00:00:00,28.0,14:00:00
2025-06-14,B228,"PALMA, PUERTO",BALEARES,3,28.6,0.0,23.7,03:40:00,33.6,11:20:00,20,1.7,6.4,15:00,,1017.9,07:00:00,1016.1,17:00:00,44.0,60.0,04:50:00,39.0,03:30:00
2025-06-15,B228,"PALMA, PUERTO",BALEARES,3,30.2,0.0,24.4,04:10:00,35.9,11:00:00,18,1.9,6.7,12:50,,1020.0,22:00:00,1015.8,17:00:00,42.0,71.0,22:30:00,24.0,11:00:00
2025-06-16,B228,"PALMA, PUERTO",BALEARES,3,29.0,0.0,24.7,22:50:00,33.3,13:40:00,05,3.3,10.0,06:50,12.1,1021.0,09:00:00,1016.9,02:00:00,65.0,90.0,23:30:00,42.0,13:30:00
2025-06-17,B228,"PALMA, PUERTO",BALEARES,3,27.0,0.0,24.0,03:40:00,29.9,10:10:00,20,2.2,8.1,13:20,12.2,1020.3,21:00:00,1018.2,,69.0,91.0,00:10:00,45.0,09:50:00
2025-06-18,B228,"PALMA, PUERTO",BALEARES,3,26.6,0.0,23.6,03:40:00,29.6,10:40:00,24,2.5,7.2,12:00,12.7,1020.3,08:00:00,1018.5,02:00:00,68.0,79.0,02:10:00,59.0,07:40:00
2025-06-19,B228,"PALMA, PUERTO",BALEARES,3,26.3,0.0,23.3,04:20:00,29.3,08:20:00,20,2.5,7.5,11:40,13.3,1020.3,23:00:00,1017.5,17:00:00,67.0,80.0,02:20:00,57.0,08:10:00
2025-06-20,B228,"PALMA, PUERTO",BALEARES,3,26.2,0.0,23.3,03:50:00,29.0,12:50:00,19,2.8,7.5,12:00,,1020.0,07:00:00,1017.6,17:00:00,69.0,,,,
2025-06-21,B228,"PALMA, PUERTO",BALEARES,3,26.3,0.0,22.7,04:30:00,29.9,12:50:00,19,1.4,5.8,13:30,,1018.8,11:00:00,1017.1,17:00:00,65.0,82.0,08:30:00,46.0,21:20:00
2025-06-22,B228,"PALMA, PUERTO",BALEARES,3,26.9,0.0,23.3,04:10:00,30.5,10:30:00,22,1.9,6.7,12:10,,1020.0,21:00:00,1017.3,17:00:00,60.0,70.0,17:10:00,42.0,21:10:00
2025-06-23,B228,"PALMA, PUERTO",BALEARES,3,28.5,0.0,24.6,04:50:00,32.4,14:00:00,20,1.9,7.2,12:00,11.8,1019.0,09:00:00,1017.0,17:00:00,62.0,78.0,22:00:00,39.0,14:00:00
2025-06-24,B228,"PALMA, PUERTO",BALEARES,3,29.2,0.0,24.3,04:30:00,34.2,11:00:00,23,1.7,6.1,13:10,13.0,1017.7,00:00:00,1013.8,,43.0,68.0,00:00:00,24.0,10:40:00
2025-06-25,B228,"PALMA, PUERTO",BALEARES,3,30.6,0.0,25.4,03:10:00,35.7,09:40:00,19,3.6,9.7,13:00,13.0,1013.8,00:00:00,1012.2,,52.0,87.0,23:59:00,28.0,09:30:00
2025-06-26,B228,"PALMA, PUERTO",BALEARES,3,29.2,0.0,25.3,04:50:00,33.1,14:50:00,19,1.4,6.1,11:30,12.1,1020.0,23:00:00,1012.4,02:00:00,73.0,91.0,04:20:00,60.0,12:20:00
2025-06-27,B228,"PALMA, PUERTO",BALEARES,3,28.6,0.0,24.8,03:40:00,32.3,11:50:00,21,2.8,8.6,13:50,,1022.3,,1019.8,00:00:00,66.0,80.0,18:20:00,50.0,10:40:00
2025-06-28,B228,"PALMA, PUERTO",BALEARES,3,29.6,0.0,24.4,,34.9,13:10:00,23,2.2,7.8,15:20,,1022.1,,1019.4,17:00:00,53.0,80.0,19:00:00,32.0,13:00:00
2025-06-29,B228,"PALMA, PUERTO",BALEARES,3,28.4,0.0,24.9,03:20:00,31.9,14:00:00,99,1.9,6.4,Varias,,1020.0,00:00:00,1016.6,19:00:00,68.0,81.0,,56.0,03:40:00
2025-06-30,B228,"PALMA, PUERTO",BALEARES,3,28.4,0.0,25.1,02:00:00,31.7,13:30:00,20,2.2,7.5,12:00,13.2,1016.7,00:00:00,1014.0,17:00:00,68.0,85.0,,61.0,06:20:00
2025-07-01,B228,"PALMA, PUERTO",BALEARES,3,29.5,0.0,25.9,04:30:00,33.1,12:50:00,21,1.9,7.2,11:50,13.5,1014.9,00:00:00,1013.0,17:00:00,69.0,86.0,03:10:00,53.0,12:40:00
2025-07-02,B228,"PALMA, PUERTO",BALEARES,3,28.4,0.0,25.3,04:10:00,31.4,12:50:00,22,2.5,7.2,11:00,13.5,1016.9,22:00:00,1013.2,04:00:00,74.0,84.0,21:30:00,65.0,15:40:00
2025-07-03,B228,"PALMA, PUERTO",BALEARES,3,30.0,0.0,25.2,03:20:00,34.9,10:40:00,21,2.5,8.6,11:40,13.4,1020.1,22:00:00,1016.2,00:00:00,66.0,82.0,00:00:00,44.0,10:30:00
2025-07-04,B228,"PALMA, PUERTO",BALEARES,3,29.6,0.0,25.9,03:50:00,33.2,09:50:00,20,2.8,7.8,14:10,,1020.5,07:00:00,1018.0,,66.0,79.0,03:50:00,43.0,09:30:00
2025-07-05,B228,"PALMA, PUERTO",BALEARES,3,31.0,0.0,26.2,04:10:00,35.7,12:50:00,22,1.9,6.9,15:40,,1018.0,00:00:00,1014.4,18:00:00,52.0,81.0,21:10:00,35.0,14:00:00
2025-07-06,B228,"PALMA, PUERTO",BALEARES,3,29.2,0.0,26.3,04:40:00,32.0,13:30:00,20,2.5,7.5,14:10,,1014.9,00:00:00,1009.6,18:00:00,64.0,82.0,21:00:00,56.0,13:20:00
2025-07-07,B228,"PALMA, PUERTO",BALEARES,3,29.2,0.0,26.7,04:00:00,31.8,11:40:00,06,2.2,8.9,23:40,11.6,1012.0,,1008.9,17:00:00,75.0,84.0,,62.0,09:10:00
2025-07-08,B228,"PALMA, PUERTO",BALEARES,3,26.4,0.0,24.0,23:50:00,28.7,15:00:00,99,2.5,10.8,Varias,0.9,1017.6,,1011.8,00:00:00,60.0,83.0,01:00:00,52.0,15:20:00
2025-07-09,B228,"PALMA, PUERTO",BALEARES,3,26.2,9.2,23.0,03:50:00,29.3,10:00:00,20,1.9,6.9,13:20,12.9,1018.6,,1017.1,,59.0,76.0,03:40:00,48.0,09:30:00
2025-07-10,B228,"PALMA, PUERTO",BALEARES,3,26.8,0.1,22.5,06:00:00,31.0,15:40:00,01,2.2,8.1,05:40,10.0,1019.9,06:00:00,1014.6,17:00:00,72.0,94.0,06:20:00,44.0,15:50:00
2025-07-11,B228,"PALMA, PUERTO",BALEARES,3,27.8,0.0,25.3,04:30:00,30.2,13:10:00,19,1.9,6.1,13:20,,1015.4,00:00:00,1011.4,18:00:00,74.0,87.0,03:30:00,69.0,11:10:00
2025-07-12,B228,"PALMA, PUERTO",BALEARES,3,27.4,0.0,24.7,04:30:00,30.2,10:50:00,18,2.2,8.3,12:10,,1011.6,00:00:00,1008.4,17:00:00,71.0,82.0,15:10:00,66.0,13:20:00
2025-07-13,B228,"PALMA, PUERTO",BALEARES,3,28.4,0.0,25.0,03:00:00,31.9,11:30:00,19,2.2,8.6,13:50,,1017.4,23:00:00,1010.8,02:00:00,60.0,85.0,22:10:00,33.0,11:40:00
2025-07-14,B228,"PALMA, PUERTO",BALEARES,3,29.1,0.0,25.3,04:30:00,32.9,10:40:00,19,2.5,7.8,15:40,10.2,1019.8,12:00:00,1016.3,17:00:00,62.0,87.0,03:10:00,45.0,17:20:00
2025-07-15,B228,"PALMA, PUERTO",BALEARES,3,30.3,0.0,26.1,03:50:00,34.5,10:50:00,21,2.2,7.5,13:50,12.1,1018.8,23:00:00,1016.5,18:00:00,60.0,80.0,22:40:00,39.0,10:30:00
2025-07-16,B228,"PALMA, PUERTO",BALEARES,3,28.4,0.0,25.9,03:30:00,31.0,08:50:00,19,3.1,8.6,13:00,12.8,1019.0,,1015.9,18:00:00,73.0,85.0,,52.0,09:40:00
2025-07-17,B228,"PALMA, PUERTO",BALEARES,3,28.0,0.0,24.7,04:50:00,31.4,14:20:00,21,1.9,6.4,11:40,13.2,1016.2,00:00:00,1012.7,20:00:00,74.0,89.0,03:10:00,63.0,14:10:00
2025-07-18,B228,"PALMA, PUERTO",BALEARES,3,28.3,0.0,25.0,03:20:00,31.6,12:30:00,20,1.9,4.4,12:10,,1012.8,00:00:00,1008.6,18:00:00,75.0,83.0,19:20:00,66.0,00:00:00
2025-07-19,B228,"PALMA, PUERTO",BALEARES,3,31.0,0.0,26.5,05:00:00,35.6,14:50:00,06,2.2,10.0,23:10,,1008.9,,1005.9,05:00:00,60.0,87.0,23:30:00,37.0,17:10:00
2025-07-20,B228,"PALMA, PUERTO",BALEARES,3,28.6,0.0,25.9,03:40:00,31.2,13:30:00,22,2.5,8.3,11:50,,1008.6,,1006.2,18:00:00,79.0,91.0,04:30:00,71.0,12:20:00
2025-07-21,B228,"PALMA, PUERTO",BALEARES,3,30.1,0.0,26.4,23:30:00,33.8,12:00:00,19,2.5,6.9,12:50,12.3,1014.5,23:00:00,1005.8,04:00:00,73.0,91.0,03:50:00,52.0,12:00:00
2025-07-22,B228,"PALMA, PUERTO",BALEARES,3,28.4,0.0,25.0,03:10:00,31.9,10:00:00,19,3.3,8.6,12:00,11.9,1016.5,09:00:00,1014.1,,65.0,82.0,03:10:00,45.0,09:50:00
2025-07-23,B228,"PALMA, PUERTO",BALEARES,3,28.6,0.0,24.7,04:50:00,32.6,11:40:00,20,1.9,7.8,13:00,10.2,1014.1,00:00:00,1010.3,18:00:00,66.0,80.0,,40.0,09:00:00
2025-07-24,B228,"PALMA, PUERTO",BALEARES,3,25.6,5.4,22.5,20:40:00,28.6,10:00:00,06,4.4,11.7,17:00,2.5,1014.2,19:00:00,1009.9,02:00:00,74.0,91.0,19:40:00,65.0,10:10:00
2025-07-25,B228,"PALMA, PUERTO",BALEARES,3,,0.0,20.6,04:00:00,,,06,3.6,12.2,08:40,,1017.3,22:00:00,1012.0,01:00:00,,,,,
2025-07-26,B228,"PALMA, PUERTO",BALEARES,3,27.6,0.0,23.4,02:30:00,31.8,13:00:00,23,2.2,9.4,13:40,,1018.4,22:00:00,1016.0,03:00:00,61.0,79.0,23:40:00,49.0,14:40:00
2025-07-27,B228,"PALMA, PUERTO",BALEARES,3,27.2,0.0,23.5,05:00:00,31.0,13:40:00,21,2.2,8.3,14:10,,1017.9,00:00:00,1014.2,18:00:00,65.0,85.0,03:30:00,53.0,12:40:00
2025-07-28,B228,"PALMA, PUERTO",BALEARES,3,27.6,0.0,24.2,05:00:00,31.1,12:00:00,04,2.8,10.0,16:30,9.3,1017.3,23:00:00,1013.1,,66.0,83.0,04:30:00,50.0,17:30:00
2025-07-29,B228,"PALMA, PUERTO",BALEARES,3,26.4,0.0,24.0,23:59:00,28.7,10:50:00,05,1.7,6.4,05:50,,1018.3,23:00:00,1016.0,03:00:00,64.0,70.0,06:40:00,52.0,02:20:00
2025-07-30,B228,"PALMA, PUERTO",BALEARES,3,26.2,0.0,22.3,04:10:00,30.1,11:40:00,20,2.5,6.7,12:40,,1019.6,23:00:00,1017.2,03:00:00,61.0,85.0,03:50:00,45.0,11:10:00
2025-07-31,B228,"PALMA, PUERTO",BALEARES,3,26.6,0.0,22.7,04:50:00,30.6,09:10:00,22,1.9,7.5,15:10,,1019.5,,1016.2,19:00:00,64.0,86.0,03:00:00,42.0,09:00:00
2025-08-01,B228,"PALMA, PUERTO",BALEARES,3,26.8,0.0,22.6,05:30:00,31.1,10:30:00,19,2.5,7.5,12:00,,1016.3,00:00:00,1012.5,18:00:00,62.0,72.0,,38.0,10:20:00
2025-08-02,B228,"PALMA, PUERTO",BALEARES,3,27.0,0.0,24.0,05:20:00,30.0,11:20:00,20,2.5,6.7,12:10,,1015.6,23:00:00,1012.9,02:00:00,69.0,80.0,04:50:00,59.0,10:50:00
2025-08-03,B228,"PALMA, PUERTO",BALEARES,3,27.5,0.0,24.0,23:50:00,31.0,10:20:00,18,2.2,6.7,15:00,,1020.5,23:00:00,1014.8,03:00:00,66.0,82.0,04:40:00,56.0,10:00:00
2025-08-04,B228,"PALMA, PUERTO",BALEARES,3,26.4,0.0,22.2,04:20:00,30.6,12:10:00,19,2.5,8.1,14:00,,1021.4,,1019.3,,59.0,81.0,03:30:00,39.0,09:50:00
2025-08-05,B228,"PALMA, PUERTO",BALEARES,3,25.9,0.0,22.1,04:20:00,29.7,12:00:00,18,2.5,8.3,14:40,11.4,1020.0,10:00:00,1018.1,18:00:00,63.0,85.0,02:10:00,52.0,16:00:00
2025-08-06,B228,"PALMA, PUERTO",BALEARES,3,27.6,0.0,23.2,03:40:00,32.1,09:40:00,20,1.4,6.1,12:10,11.1,1019.3,00:00:00,1016.6,17:00:00,58.0,75.0,03:50:00,31.0,08:50:00
2025-08-07,B228,"PALMA, PUERTO",BALEARES,3,27.6,0.0,23.7,05:10:00,31.6,09:40:00,19,1.7,6.7,12:50,11.4,1018.1,23:00:00,1016.4,04:00:00,57.0,75.0,15:10:00,37.0,08:40:00
2025-08-08,B228,"PALMA, PUERTO",BALEARES,3,28.6,0.0,24.1,05:00:00,33.0,09:30:00,23,1.9,6.9,12:30,,1018.7,10:00:00,1016.9,17:00:00,57.0,71.0,17:10:00,30.0,09:30:00
2025-08-09,B228,"PALMA, PUERTO",BALEARES,3,27.9,0.0,24.0,05:00:00,31.8,10:10:00,99,2.5,7.2,Varias,,1019.7,21:00:00,1017.1,03:00:00,73.0,87.0,23:40:00,49.0,10:00:00
2025-08-10,B228,"PALMA, PUERTO",BALEARES,3,28.8,0.0,23.7,05:00:00,33.9,14:40:00,19,1.7,6.9,14:50,,1020.0,09:00:00,1016.5,17:00:00,53.0,89.0,02:50:00,31.0,15:30:00
2025-08-11,B228,"PALMA, PUERTO",BALEARES,3,28.9,0.0,25.3,05:30:00,32.5,11:30:00,19,2.5,8.6,13:30,,1017.5,00:00:00,1013.9,18:00:00,67.0,84.0,22:40:00,60.0,11:20:00
2025-08-12,B228,"PALMA, PUERTO",BALEARES,3,29.2,0.0,25.7,05:30:00,32.7,12:20:00,19,1.9,7.5,11:30,11.5,1015.7,09:00:00,1013.0,17:00:00,75.0,88.0,04:00:00,61.0,
2025-08-13,B228,"PALMA, PUERTO",BALEARES,3,29.0,0.0,25.4,04:30:00,32.7,15:00:00,26,1.9,7.2,12:20,11.5,1015.3,,1013.5,17:00:00,71.0,90.0,20:10:00,49.0,15:10:00
2025-08-14,B228,"PALMA, PUERTO",BALEARES,3,30.5,0.0,25.3,03:30:00,35.7,15:00:00,22,1.9,7.2,12:30,,1017.3,,1014.0,17:00:00,52.0,74.0,03:20:00,28.0,16:10:00
2025-08-15,B228,"PALMA, PUERTO",BALEARES,3,30.9,0.0,25.2,04:50:00,36.6,13:50:00,21,1.7,4.7,12:30,,1018.2,10:00:00,1016.0,15:00:00,57.0,78.0,05:00:00,29.0,13:50:00
2025-08-16,B228,"PALMA, PUERTO",BALEARES,3,30.2,0.0,25.6,05:30:00,34.8,11:10:00,20,1.4,7.8,13:00,,1017.0,00:00:00,1013.9,17:00:00,64.0,90.0,23:59:00,42.0,10:30:00
2025-08-17,B228,"PALMA, PUERTO",BALEARES,3,31.6,0.0,26.0,04:40:00,37.2,12:20:00,10,1.4,5.3,16:10,,1014.5,00:00:00,1011.0,15:00:00,63.0,90.0,,40.0,12:30:00
2025-08-18,B228,"PALMA, PUERTO",BALEARES,3,29.8,0.0,25.6,05:30:00,33.9,11:50:00,35,1.7,6.1,21:20,,1013.0,20:00:00,1011.0,16:00:00,68.0,89.0,03:20:00,41.0,10:50:00
2025-08-19,B228,"PALMA, PUERTO",BALEARES,3,30.6,0.0,27.0,23:20:00,34.2,15:20:00,11,1.7,8.3,14:20,3.0,1013.8,07:00:00,1007.6,,60.0,85.0,22:30:00,36.0,13:30:00
2025-08-20,B228,"PALMA, PUERTO",BALEARES,3,28.5,0.0,24.9,05:10:00,32.1,11:40:00,05,1.9,7.2,16:50,8.5,1010.4,23:00:00,1006.1,03:00:00,73.0,84.0,02:40:00,59.0,11:30:00
2025-08-21,B228,"PALMA, PUERTO",BALEARES,3,27.9,0.0,23.6,03:40:00,32.2,13:50:00,32,1.7,9.7,15:30,11.2,1014.4,23:00:00,1009.3,04:00:00,52.0,79.0,06:20:00,31.0,13:50:00
2025-08-22,B228,"PALMA, PUERTO",BALEARES,3,26.8,0.0,23.9,05:20:00,29.7,12:40:00,21,1.9,9.7,10:50,,1015.8,23:00:00,1013.5,16:00:00,65.0,78.0,21:30:00,49.0,00:10:00
2025-08-23,B228,"PALMA, PUERTO",BALEARES,3,27.0,0.0,24.0,05:10:00,30.1,12:50:00,19,2.5,7.5,13:40,,1016.4,10:00:00,1013.7,17:00:00,73.0,86.0,,63.0,11:50:00
2025-08-24,B228,"PALMA, PUERTO",BALEARES,3,28.0,0.0,24.8,04:40:00,31.3,12:50:00,17,1.7,7.5,13:20,,1015.8,,1014.0,18:00:00,72.0,83.0,,55.0,12:30:00
2025-08-25,B228,"PALMA, PUERTO",BALEARES,3,29.4,0.0,25.8,06:00:00,32.9,13:20:00,08,1.9,7.2,10:50,,1017.8,10:00:00,1013.8,,54.0,82.0,00:10:00,29.0,23:59:00
2025-08-26,B228,"PALMA, PUERTO",BALEARES,3,31.0,0.0,26.7,05:00:00,35.4,10:00:00,23,0.6,6.7,15:30,9.6,1013.8,00:00:00,1008.7,,57.0,81.0,23:30:00,23.0,09:30:00
2025-08-27,B228,"PALMA, PUERTO",BALEARES,3,30.5,0.1,26.8,05:40:00,34.2,13:00:00,36,2.2,8.6,10:00,6.5,1009.2,00:00:00,1003.5,18:00:00,66.0,85.0,22:50:00,51.0,12:30:00
2025-08-28,B228,"PALMA, PUERTO",BALEARES,3,29.4,0.0,25.2,23:59:00,33.6,11:10:00,34,2.2,14.2,11:30,8.9,1010.7,23:00:00,1004.5,04:00:00,71.0,86.0,01:50:00,50.0,15:30:00
2025-08-29,B228,"PALMA, PUERTO",BALEARES,3,27.6,0.0,24.4,04:50:00,30.8,14:40:00,19,2.2,8.6,12:50,,1012.1,22:00:00,1008.9,16:00:00,64.0,78.0,00:00:00,51.0,14:40:00
2025-08-30,B228,"PALMA, PUERTO",BALEARES,3,26.8,0.0,22.1,05:30:00,31.6,12:00:00,20,1.9,7.8,11:00,,1014.2,09:00:00,1011.8,02:00:00,61.0,74.0,02:00:00,45.0,11:50:00
2025-08-31,B228,"PALMA, PUERTO",BALEARES,3,26.8,0.0,23.6,04:20:00,30.0,10:50:00,99,1.7,5.8,Varias,,1013.6,00:00:00,1008.1,,72.0,86.0,23:20:00,65.0,13:50:00
2025-09-01,B228,"PALMA, PUERTO",BALEARES,3,27.6,0.0,23.1,23:59:00,32.1,14:20:00,36,1.4,9.2,09:20,,1014.8,,1006.0,05:00:00,59.0,90.0,03:50:00,31.0,14:00:00
2025-09-02,B228,"PALMA, PUERTO",BALEARES,3,26.4,0.0,22.2,03:30:00,30.7,12:00:00,19,1.9,7.8,13:00,9.4,1017.1,22:00:00,1014.7,03:00:00,54.0,76.0,,32.0,12:30:00
2025-09-03,B228,"PALMA, PUERTO",BALEARES,3,26.1,0.0,22.6,05:00:00,29.6,12:40:00,22,1.9,6.1,13:40,10.5,1017.2,10:00:00,1014.0,18:00:00,67.0,86.0,,57.0,
2025-09-04,B228,"PALMA, PUERTO",BALEARES,3,26.4,0.0,22.7,05:40:00,30.0,13:40:00,18,1.9,6.4,11:40,10.7,1016.9,,1013.4,04:00:00,66.0,84.0,,54.0,09:30:00
2025-09-05,B228,"PALMA, PUERTO",BALEARES,3,27.5,0.0,23.9,03:50:00,31.1,12:30:00,05,3.9,9.2,13:10,9.8,1019.9,23:00:00,1016.6,01:00:00,67.0,85.0,01:00:00,55.0,13:20:00
2025-09-06,B228,"PALMA, PUERTO",BALEARES,3,28.4,0.0,23.9,06:00:00,33.0,13:40:00,13,1.9,6.4,13:10,,1019.5,00:00:00,1014.6,19:00:00,65.0,77.0,21:00:00,43.0,13:10:00
2025-09-07,B228,"PALMA, PUERTO",BALEARES,3,28.6,0.0,25.5,04:00:00,31.6,12:00:00,22,1.4,7.8,15:00,,1015.6,03:00:00,1013.0,17:00:00,75.0,89.0,19:50:00,62.0,12:30:00
2025-09-08,B228,"PALMA, PUERTO",BALEARES,3,29.4,18.3,25.8,03:40:00,32.9,14:50:00,17,1.7,6.4,17:00,3.9,1014.8,09:00:00,1011.6,,80.0,87.0,,61.0,14:40:00
2025-09-09,B228,"PALMA, PUERTO",BALEARES,3,23.8,26.8,20.3,19:00:00,27.4,00:30:00,29,0.3,17.2,01:10,0.3,1013.4,01:00:00,1010.9,15:00:00,92.0,99.0,01:10:00,81.0,08:10:00
2025-09-10,B228,"PALMA, PUERTO",BALEARES,3,25.2,0.0,21.3,00:30:00,29.1,12:30:00,22,1.1,9.2,13:40,8.7,1014.4,,1010.6,,72.0,94.0,,47.0,15:50:00
2025-09-11,B228,"PALMA, PUERTO",BALEARES,3,26.8,0.0,22.2,03:50:00,31.4,13:20:00,22,1.9,7.2,13:20,10.2,1018.8,,1014.1,03:00:00,61.0,90.0,,38.0,15:20:00
2025-09-12,B228,"PALMA, PUERTO",BALEARES,3,25.7,0.0,21.9,02:50:00,29.5,09:30:00,19,1.9,6.7,11:00,9.9,1020.0,10:00:00,1018.0,03:00:00,75.0,85.0,,67.0,09:40:00
2025-09-13,B228,"PALMA, PUERTO",BALEARES,3,26.8,0.0,23.8,04:30:00,29.7,12:50:00,18,1.7,6.1,13:20,,1019.1,00:00:00,1015.7,16:00:00,78.0,87.0,,69.0,09:20:00
2025-09-14,B228,"PALMA, PUERTO",BALEARES,3,26.6,0.0,22.5,03:10:00,30.8,11:40:00,20,2.2,6.7,12:50,,1021.0,,1016.9,02:00:00,77.0,90.0,01:50:00,59.0,11:00:00
2025-09-15,B228,"PALMA, PUERTO",BALEARES,3,27.2,0.0,24.2,06:00:00,30.1,10:50:00,17,1.7,6.1,12:20,,1021.0,08:00:00,1019.0,16:00:00,77.0,90.0,,55.0,10:40:00
2025-09-16,B228,"PALMA, PUERTO",BALEARES,3,27.5,0.0,23.5,02:50:00,31.5,11:30:00,20,2.2,7.5,12:50,10.1,1022.2,10:00:00,1019.9,04:00:00,76.0,91.0,01:10:00,55.0,11:00:00
2025-09-17,B228,"PALMA, PUERTO",BALEARES,3,26.8,0.0,23.2,06:00:00,30.3,13:00:00,22,1.7,7.2,14:20,9.2,1022.4,,1020.8,15:00:00,77.0,93.0,02:40:00,67.0,
2025-09-18,B228,"PALMA, PUERTO",BALEARES,3,26.4,0.0,22.7,06:00:00,30.1,11:40:00,20,2.2,7.2,12:30,10.0,1023.3,,1021.3,04:00:00,73.0,93.0,,64.0,10:40:00
2025-09-19,B228,"PALMA, PUERTO",BALEARES,3,26.3,0.0,22.9,04:00:00,29.7,12:10:00,20,2.2,6.4,17:20,9.5,1023.8,10:00:00,1021.8,16:00:00,73.0,88.0,04:00:00,60.0,10:40:00
2025-09-20,B228,"PALMA, PUERTO",BALEARES,3,27.2,0.0,23.7,06:00:00,30.6,11:00:00,05,2.2,7.2,20:10,,1022.2,00:00:00,1015.4,,73.0,85.0,,58.0,10:50:00
2025-09-21,B228,"PALMA, PUERTO",BALEARES,3,26.3,2.3,23.6,23:59:00,29.0,13:10:00,33,1.9,9.2,23:59,,1015.5,00:00:00,1009.7,,81.0,88.0,19:30:00,69.0,08:40:00
2025-09-22,B228,"PALMA, PUERTO",BALEARES,3,24.6,0.0,20.9,00:30:00,28.3,12:40:00,33,1.9,11.1,00:10,8.1,1014.7,22:00:00,1009.7,03:00:00,69.0,88.0,,50.0,12:40:00
2025-09-23,B228,"PALMA, PUERTO",BALEARES,3,21.6,0.5,18.4,23:59:00,24.9,12:50:00,08,2.5,8.1,13:00,5.2,1017.9,23:00:00,1013.2,05:00:00,67.0,79.0,05:20:00,56.0,11:20:00
2025-09-24,B228,"PALMA, PUERTO",BALEARES,3,21.2,0.0,17.1,03:40:00,25.2,12:50:00,32,1.9,7.2,09:00,9.9,1019.3,,1017.4,15:00:00,48.0,83.0,03:20:00,36.0,16:10:00
2025-09-25,B228,"PALMA, PUERTO",BALEARES,3,21.7,0.0,16.6,02:30:00,26.8,11:50:00,01,2.2,8.3,15:50,9.5,1019.1,,1016.3,16:00:00,57.0,80.0,,35.0,12:50:00
2025-09-26,B228,"PALMA, PUERTO",BALEARES,3,22.2,0.0,17.5,06:00:00,26.9,12:50:00,19,1.7,6.7,15:20,9.7,1019.0,00:00:00,1016.9,15:00:00,58.0,83.0,05:20:00,35.0,13:10:00
2025-09-27,B228,"PALMA, PUERTO",BALEARES,3,22.5,0.0,18.2,05:30:00,26.8,14:10:00,19,1.9,7.2,11:30,,1019.0,,1017.1,,74.0,87.0,05:50:00,60.0,11:10:00
2025-09-28,B228,"PALMA, PUERTO",BALEARES,3,24.3,0.1,20.9,03:50:00,27.7,13:20:00,99,0.8,4.2,13:50,,1017.2,00:00:00,1013.8,16:00:00,71.0,90.0,03:20:00,58.0,15:20:00
2025-09-29,B228,"PALMA, PUERTO",BALEARES,3,25.4,5.3,21.6,04:00:00,29.3,11:10:00,18,3.3,8.6,11:50,,1017.9,21:00:00,1015.0,,74.0,88.0,23:50:00,51.0,11:00:00
2025-09-30,B228,"PALMA, PUERTO",BALEARES,3,21.7,0.5,18.1,23:59:00,25.3,12:50:00,06,1.7,8.1,02:50,0.0,1019.8,21:00:00,1016.2,02:00:00,71.0,94.0,02:50:00,57.0,12:40:00
2025-10-01,B228,"PALMA, PUERTO",BALEARES,3,22.3,0.0,17.6,05:00:00,27.0,13:20:00,08,1.1,5.6,18:30,8.7,,,,,64.0,82.0,04:20:00,51.0,10:50:00
2025-10-02,B228,"PALMA, PUERTO",BALEARES,3,21.9,0.0,17.6,05:50:00,26.2,12:30:00,22,1.7,6.4,13:30,8.8,1022.0,08:00:00,1020.1,15:00:00,60.0,76.0,,44.0,10:50:00
2025-10-03,B228,"PALMA, PUERTO",BALEARES,3,22.8,0.0,18.7,04:50:00,26.9,12:30:00,20,1.7,7.8,11:10,5.8,1021.2,01:00:00,1018.5,15:00:00,75.0,89.0,04:40:00,63.0,10:30:00
2025-10-04,B228,"PALMA, PUERTO",BALEARES,3,23.6,0.0,20.4,06:00:00,26.8,12:50:00,20,1.7,8.1,Varias,,1019.4,00:00:00,1015.8,,74.0,94.0,06:00:00,59.0,12:30:00
2025-10-05,B228,"PALMA, PUERTO",BALEARES,3,19.7,0.0,17.7,23:59:00,21.7,04:50:00,99,3.3,11.1,Varias,,1023.4,,1015.0,02:00:00,64.0,92.0,00:30:00,55.0,13:20:00
2025-10-06,B228,"PALMA, PUERTO",BALEARES,3,20.9,0.0,17.0,02:50:00,24.8,12:40:00,20,1.7,6.9,15:40,8.3,1025.2,09:00:00,1022.5,18:00:00,65.0,85.0,22:50:00,51.0,11:40:00
2025-10-07,B228,"PALMA, PUERTO",BALEARES,3,22.2,0.0,17.6,04:40:00,26.8,13:40:00,19,1.4,8.6,12:30,8.9,1022.9,00:00:00,1020.4,16:00:00,70.0,94.0,,52.0,13:40:00
2025-10-08,B228,"PALMA, PUERTO",BALEARES,3,21.8,0.0,18.1,05:20:00,25.5,11:30:00,17,1.4,11.1,16:40,8.9,1021.3,00:00:00,1018.5,15:00:00,72.0,91.0,04:20:00,58.0,11:20:00
2025-10-09,B228,"PALMA, PUERTO",BALEARES,3,23.2,0.0,19.1,03:00:00,27.4,12:20:00,05,3.1,10.3,23:59,6.0,1021.5,20:00:00,1018.0,14:00:00,65.0,86.0,02:50:00,46.0,13:10:00
2025-10-10,B228,"PALMA, PUERTO",BALEARES,3,23.7,5.1,20.7,05:20:00,26.7,13:40:00,,4.2,,,8.3,,,,,66.0,,,,
2025-10-11,B228,"PALMA, PUERTO",BALEARES,3,22.0,7.1,19.6,09:20:00,24.5,13:30:00,04,2.5,9.4,15:50,,1023.5,08:00:00,1021.0,,84.0,95.0,06:10:00,76.0,13:20:00
2025-10-12,B228,"PALMA, PUERTO",BALEARES,3,21.6,28.0,18.4,09:50:00,24.7,14:40:00,32,1.7,10.8,09:50,,1021.5,10:00:00,1018.2,,82.0,96.0,10:10:00,71.0,14:10:00
2025-10-13,B228,"PALMA, PUERTO",BALEARES,3,24.1,10.0,21.5,04:40:00,26.7,13:10:00,07,1.9,7.5,22:00,0.6,1018.2,00:00:00,1015.4,22:00:00,82.0,95.0,23:30:00,73.0,12:50:00
2025-10-14,B228,"PALMA, PUERTO",BALEARES,3,24.2,0.0,19.0,04:20:00,29.4,13:20:00,06,0.8,7.5,17:40,6.8,1017.5,23:00:00,1014.9,06:00:00,70.0,92.0,03:00:00,51.0,12:30:00
2025-10-15,B228,"PALMA, PUERTO",BALEARES,3,22.0,18.0,18.4,23:59:00,25.5,14:20:00,30,0.3,7.2,11:50,5.2,1018.1,,1016.2,05:00:00,80.0,94.0,,63.0,14:20:00
2025-10-16,B228,"PALMA, PUERTO",BALEARES,3,22.1,0.3,17.3,04:00:00,26.9,13:00:00,07,0.8,5.6,15:10,6.2,1018.0,09:00:00,1016.0,14:00:00,75.0,92.0,01:20:00,49.0,12:50:00
2025-10-17,B228,"PALMA, PUERTO",BALEARES,3,22.0,0.0,18.2,06:00:00,25.9,13:00:00,99,0.8,3.9,Varias,7.2,1018.9,22:00:00,1016.2,03:00:00,71.0,89.0,06:00:00,53.0,11:00:00
2025-10-18,B228,"PALMA, PUERTO",BALEARES,3,21.8,0.0,17.8,05:10:00,25.9,11:50:00,19,1.1,5.0,15:00,8.5,1020.5,23:00:00,1018.4,04:00:00,,86.0,05:10:00,50.0,11:00:00
2025-10-19,B228,"PALMA, PUERTO",BALEARES,3,21.8,0.0,17.8,05:00:00,25.7,12:40:00,18,1.7,6.1,17:40,8.5,1020.3,00:00:00,1014.3,,67.0,86.0,,54.0,12:20:00
2025-10-20,B228,"PALMA, PUERTO",BALEARES,3,,0.0,,,,,22,2.2,8.1,09:10,3.6,1014.3,00:00:00,1007.2,14:00:00,,95.0,22:10:00,71.0,06:10:00
2025-10-21,B228,"PALMA, PUERTO",BALEARES,3,22.9,0.0,19.4,05:40:00,26.4,08:50:00,22,1.4,10.8,11:50,7.5,1009.4,10:00:00,1007.1,03:00:00,66.0,98.0,03:10:00,50.0,08:40:00
2025-10-22,B228,"PALMA, PUERTO",BALEARES,3,25.8,0.0,22.6,06:20:00,29.1,12:10:00,22,0.8,6.7,15:40,8.4,1011.3,22:00:00,1007.6,,67.0,80.0,00:00:00,41.0,12:10:00
2025-10-23,B228,"PALMA, PUERTO",BALEARES,3,24.4,0.0,20.0,23:59:00,28.8,13:30:00,28,3.9,14.2,07:10,8.2,1014.5,22:00:00,1007.8,06:00:00,53.0,70.0,00:10:00,40.0,17:40:00
2025-10-24,B228,"PALMA, PUERTO",BALEARES,3,21.8,0.0,18.9,23:59:00,24.6,11:40:00,99,1.4,4.7,Varias,8.3,1016.8,10:00:00,1013.8,,51.0,88.0,23:40:00,36.0,09:40:00
2025-10-25,B228,"PALMA, PUERTO",BALEARES,3,23.6,0.0,18.8,06:00:00,28.4,12:30:00,22,0.8,8.6,11:50,7.4,1013.8,00:00:00,1010.0,16:00:00,73.0,95.0,05:30:00,50.0,
2025-10-26,B228,"PALMA, PUERTO",BALEARES,3,18.0,25.9,14.0,23:59:00,22.0,00:10:00,05,1.4,8.6,13:00,0.0,1019.5,22:00:00,1011.3,00:00:00,92.0,98.0,13:10:00,70.0,00:10:00
2025-10-27,B228,"PALMA, PUERTO",BALEARES,3,17.8,0.0,13.3,06:40:00,22.4,13:10:00,33,0.8,7.5,13:00,7.6,1021.1,09:00:00,1018.7,15:00:00,68.0,97.0,03:20:00,48.0,13:00:00
2025-10-28,B228,"PALMA, PUERTO",BALEARES,3,19.0,0.0,14.0,02:00:00,24.0,12:20:00,20,1.4,6.9,13:20,7.9,1020.0,00:00:00,1015.3,,75.0,95.0,05:30:00,64.0,12:10:00
2025-10-29,B228,"PALMA, PUERTO",BALEARES,3,21.2,0.1,16.9,02:20:00,25.5,13:30:00,34,1.1,4.7,08:00,4.5,1015.3,00:00:00,1007.1,23:00:00,79.0,90.0,23:40:00,69.0,13:10:00
2025-10-30,B228,"PALMA, PUERTO",BALEARES,3,20.6,1.4,16.9,23:59:00,24.4,13:50:00,01,0.8,5.8,06:30,5.2,1014.8,,1007.0,03:00:00,74.0,95.0,23:50:00,60.0,13:40:00
2025-10-31,B228,"PALMA, PUERTO",BALEARES,3,20.8,0.0,16.6,03:00:00,25.0,13:20:00,21,0.8,7.8,10:00,7.6,1017.2,21:00:00,1014.3,,80.0,97.0,,60.0,12:50:00
2025-11-01,B228,"PALMA, PUERTO",BALEARES,3,21.1,0.0,18.0,06:50:00,24.2,13:00:00,99,1.7,6.9,Varias,8.1,1018.6,10:00:00,1016.9,00:00:00,85.0,97.0,,73.0,12:10:00
2025-11-02,B228,"PALMA, PUERTO",BALEARES,3,21.2,0.0,17.4,23:20:00,24.9,11:10:00,01,2.2,10.6,13:20,6.4,1022.2,22:00:00,1016.0,05:00:00,65.0,96.0,02:30:00,48.0,15:40:00
2025-11-03,B228,"PALMA, PUERTO",BALEARES,3,19.0,0.0,14.8,06:40:00,23.2,13:00:00,26,0.8,5.6,13:40,7.6,1024.2,22:00:00,1021.5,03:00:00,66.0,89.0,05:50:00,42.0,13:00:00
2025-11-04,B228,"PALMA, PUERTO",BALEARES,3,18.4,0.0,14.0,05:20:00,22.9,13:20:00,99,0.8,3.9,Varias,7.9,1023.9,09:00:00,1021.6,,75.0,91.0,05:00:00,52.0,13:40:00
2025-11-05,B228,"PALMA, PUERTO",BALEARES,3,21.4,0.0,17.6,06:40:00,25.1,13:00:00,04,1.4,6.4,09:10,7.4,1021.9,00:00:00,1013.4,23:00:00,72.0,90.0,00:10:00,51.0,13:50:00
2025-11-06,B228,"PALMA, PUERTO",BALEARES,3,18.8,24.5,15.4,08:10:00,22.3,12:20:00,26,0.8,20.8,08:00,5.5,1013.5,00:00:00,1007.6,08:00:00,70.0,92.0,08:50:00,55.0,14:20:00
2025-11-07,B228,"PALMA, PUERTO",BALEARES,3,18.8,5.7,14.6,06:50:00,23.1,12:20:00,23,1.4,6.9,12:20,7.4,1013.1,10:00:00,1010.9,03:00:00,66.0,85.0,04:50:00,43.0,11:30:00
2025-11-08,B228,"PALMA, PUERTO",BALEARES,3,15.0,9.8,13.3,05:50:00,16.6,16:10:00,34,0.3,7.5,20:20,0.4,1016.5,,1009.1,06:00:00,85.0,97.0,04:30:00,72.0,01:10:00
2025-11-09,B228,"PALMA, PUERTO",BALEARES,3,18.2,0.0,13.4,23:50:00,23.0,13:00:00,34,0.6,4.4,15:40,7.6,1019.1,10:00:00,1016.1,03:00:00,73.0,93.0,23:59:00,52.0,15:10:00
2025-11-10,B228,"PALMA, PUERTO",BALEARES,3,17.7,0.0,13.2,01:10:00,22.2,13:00:00,25,1.1,7.2,11:10,5.5,1017.7,00:00:00,1015.3,14:00:00,76.0,96.0,03:50:00,53.0,12:40:00
2025-11-11,B228,"PALMA, PUERTO",BALEARES,3,17.7,0.0,12.7,,22.7,13:40:00,20,0.6,4.7,13:50,7.1,1018.0,10:00:00,1016.1,14:00:00,81.0,94.0,,62.0,10:30:00
2025-11-12,B228,"PALMA, PUERTO",BALEARES,3,21.0,0.0,16.2,01:30:00,25.8,13:40:00,35,1.4,5.0,21:30,7.7,1018.4,10:00:00,1015.8,14:00:00,73.0,92.0,,51.0,
2025-11-13,B228,"PALMA, PUERTO",BALEARES,3,22.1,0.0,17.8,00:30:00,26.4,13:20:00,33,1.7,5.0,20:00,5.7,1017.7,00:00:00,1013.4,,,78.0,18:00:00,52.0,13:30:00
2025-11-14,B228,"PALMA, PUERTO",BALEARES,3,21.1,0.0,19.2,03:10:00,23.0,11:20:00,24,3.1,10.8,17:30,0.0,1013.4,00:00:00,1009.0,16:00:00,71.0,83.0,15:40:00,65.0,06:10:00
2025-11-15,B228,"PALMA, PUERTO",BALEARES,3,21.4,0.0,19.6,04:10:00,23.2,12:40:00,22,2.5,8.9,14:00,7.8,1014.4,08:00:00,1011.3,,78.0,86.0,06:40:00,66.0,12:00:00
2025-11-16,B228,"PALMA, PUERTO",BALEARES,3,20.4,0.0,17.5,23:59:00,23.3,11:30:00,19,1.7,9.4,04:20,4.7,1011.3,00:00:00,1007.4,15:00:00,70.0,85.0,07:20:00,54.0,13:40:00
2025-11-17,B228,"PALMA, PUERTO",BALEARES,3,15.6,9.9,13.2,23:59:00,18.0,09:50:00,15,0.8,13.9,12:20,0.0,1013.3,,1010.1,04:00:00,89.0,94.0,,71.0,21:50:00
2025-11-18,B228,"PALMA, PUERTO",BALEARES,3,15.7,0.0,12.5,23:30:00,18.9,12:50:00,07,0.6,5.0,17:10,2.5,1016.9,22:00:00,1012.8,01:00:00,78.0,92.0,18:30:00,57.0,12:50:00
2025-11-19,B228,"PALMA, PUERTO",BALEARES,3,15.2,0.0,11.5,06:00:00,18.9,12:00:00,22,0.8,5.0,13:10,3.1,1015.9,00:00:00,1011.8,,82.0,91.0,06:30:00,65.0,23:59:00
2025-11-20,B228,"PALMA, PUERTO",BALEARES,3,13.0,4.6,9.6,23:00:00,16.4,11:40:00,32,0.8,9.7,14:40,4.8,1014.5,21:00:00,1010.9,05:00:00,74.0,94.0,20:10:00,50.0,14:10:00
2025-11-21,B228,"PALMA, PUERTO",BALEARES,3,10.8,3.3,8.5,09:10:00,13.1,13:50:00,29,3.3,12.5,06:10,5.4,1021.4,23:00:00,1012.4,05:00:00,41.0,91.0,09:30:00,20.0,18:30:00
2025-11-22,B228,"PALMA, PUERTO",BALEARES,3,12.1,0.0,9.1,20:40:00,15.1,12:10:00,29,1.4,8.1,02:10,7.6,1024.2,19:00:00,1021.3,00:00:00,40.0,68.0,20:20:00,30.0,00:00:00
2025-11-23,B228,"PALMA, PUERTO",BALEARES,3,13.9,0.0,8.5,02:40:00,19.3,12:50:00,30,0.6,10.6,10:40,5.5,1023.5,00:00:00,1015.8,,69.0,87.0,23:40:00,51.0,10:20:00
2025-11-24,B228,"PALMA, PUERTO",BALEARES,3,16.2,0.5,12.9,00:00:00,19.6,12:00:00,24,3.1,12.2,18:00,4.6,1015.9,00:00:00,1005.7,23:00:00,67.0,87.0,00:00:00,56.0,01:40:00
2025-11-25,B228,"PALMA, PUERTO",BALEARES,3,16.0,0.1,13.8,08:00:00,18.3,00:10:00,32,3.1,11.1,07:10,4.9,1012.4,,1005.5,01:00:00,57.0,77.0,04:10:00,52.0,02:10:00
2025-11-26,B228,"PALMA, PUERTO",BALEARES,3,12.6,0.0,9.5,23:59:00,15.7,12:40:00,34,2.2,15.3,13:20,6.8,1018.9,,1012.4,00:00:00,47.0,85.0,23:20:00,37.0,19:10:00
2025-11-27,B228,"PALMA, PUERTO",BALEARES,3,11.0,0.0,7.1,05:00:00,15.0,12:40:00,01,2.2,8.1,12:00,8.1,1021.8,23:00:00,1017.8,01:00:00,58.0,86.0,00:10:00,43.0,11:30:00
2025-11-28,B228,"PALMA, PUERTO",BALEARES,3,12.6,0.0,7.2,00:00:00,17.9,13:20:00,22,1.1,5.3,14:50,5.4,1021.5,,1019.1,,65.0,91.0,23:59:00,42.0,13:10:00
2025-11-29,B228,"PALMA, PUERTO",BALEARES,3,13.2,0.0,8.2,03:20:00,18.3,11:30:00,22,1.1,6.9,13:00,7.6,1019.1,00:00:00,1012.7,,82.0,99.0,07:00:00,65.0,15:40:00
2025-11-30,B228,"PALMA, PUERTO",BALEARES,3,16.0,0.0,12.8,,19.1,11:00:00,01,0.8,9.2,23:00,3.6,1017.6,,1011.1,04:00:00,78.0,93.0,06:50:00,54.0,11:10:00
2025-12-01,B228,"PALMA, PUERTO",BALEARES,3,15.5,0.3,12.1,23:30:00,18.9,13:10:00,03,1.7,9.2,01:20,6.6,1019.8,,1016.6,,,84.0,23:50:00,47.0,13:30:00
2025-12-02,B228,"PALMA, PUERTO",BALEARES,3,15.0,0.0,11.6,04:50:00,18.4,14:00:00,27,0.8,9.4,12:50,2.1,1016.6,00:00:00,1010.1,,75.0,95.0,,58.0,14:30:00
2025-12-03,B228,"PALMA, PUERTO",BALEARES,3,14.0,0.0,12.0,20:50:00,15.9,11:50:00,36,1.4,8.3,12:10,4.7,1015.5,,1008.7,04:00:00,62.0,76.0,20:40:00,52.0,09:50:00
2025-12-04,B228,"PALMA, PUERTO",BALEARES,3,14.5,1.6,11.1,07:20:00,17.9,10:40:00,26,0.8,8.9,12:10,3.7,1015.2,00:00:00,1009.3,,63.0,86.0,15:10:00,45.0,10:40:00
2025-12-05,B228,"PALMA, PUERTO",BALEARES,3,14.0,0.0,11.8,23:10:00,16.1,13:10:00,32,2.5,13.6,05:10,4.2,1017.9,22:00:00,1009.5,00:00:00,60.0,85.0,23:50:00,52.0,00:20:00
2025-12-06,B228,"PALMA, PUERTO",BALEARES,3,15.9,0.0,10.3,03:30:00,21.5,12:30:00,20,0.6,6.7,13:20,6.5,1019.5,23:00:00,1016.9,15:00:00,82.0,96.0,06:20:00,66.0,12:30:00
2025-12-07,B228,"PALMA, PUERTO",BALEARES,3,16.3,0.0,11.9,03:40:00,20.7,14:20:00,25,1.1,6.9,16:50,6.7,1021.3,10:00:00,1019.1,00:00:00,93.0,98.0,03:50:00,65.0,14:30:00
2025-12-08,B228,"PALMA, PUERTO",BALEARES,3,14.9,0.0,11.2,07:30:00,18.6,13:10:00,21,0.6,4.4,14:50,8.1,1022.6,10:00:00,1020.2,04:00:00,89.0,99.0,04:30:00,74.0,09:50:00
2025-12-09,B228,"PALMA, PUERTO",BALEARES,3,15.4,0.0,11.7,05:00:00,19.0,11:20:00,21,0.6,4.7,11:30,7.0,1022.9,10:00:00,1020.8,,89.0,99.0,,77.0,11:20:00
2025-12-10,B228,"PALMA, PUERTO",BALEARES,3,15.4,0.0,12.3,03:00:00,18.5,13:00:00,18,0.3,3.3,12:40,6.1,1023.3,21:00:00,1019.8,05:00:00,89.0,99.0,03:30:00,76.0,
2025-12-11,B228,"PALMA, PUERTO",BALEARES,3,16.4,0.0,12.7,01:50:00,20.2,13:30:00,34,1.1,4.2,06:30,2.1,1023.3,09:00:00,1020.6,,73.0,97.0,,60.0,12:50:00
2025-12-12,B228,"PALMA, PUERTO",BALEARES,3,17.6,0.0,14.6,23:50:00,20.6,12:40:00,06,1.4,6.4,10:50,4.6,1021.7,,1018.5,15:00:00,70.0,85.0,23:30:00,53.0,12:10:00
2025-12-13,B228,"PALMA, PUERTO",BALEARES,3,16.2,1.6,13.7,06:40:00,18.7,12:00:00,06,1.1,8.9,12:40,4.7,1024.6,10:00:00,1021.6,00:00:00,78.0,94.0,,62.0,12:50:00
2025-12-14,B228,"PALMA, PUERTO",BALEARES,3,17.0,0.0,14.4,,19.5,12:00:00,06,1.4,6.4,11:00,1.9,1023.6,00:00:00,1018.7,,87.0,96.0,04:00:00,72.0,14:00:00
2025-12-15,B228,"PALMA, PUERTO",BALEARES,3,16.6,0.5,13.5,23:59:00,19.6,11:20:00,36,1.1,4.7,01:10,1.5,1018.7,00:00:00,1010.1,,89.0,97.0,23:40:00,79.0,11:30:00
2025-12-16,B228,"PALMA, PUERTO",BALEARES,3,16.1,0.0,13.5,02:00:00,18.7,11:40:00,20,2.2,7.5,11:40,2.2,1013.8,,1007.8,04:00:00,81.0,98.0,,73.0,14:00:00
2025-12-17,B228,"PALMA, PUERTO",BALEARES,3,16.8,0.0,12.7,23:59:00,20.8,12:40:00,04,1.7,6.4,13:20,3.4,1023.4,23:00:00,1013.8,00:00:00,77.0,93.0,23:40:00,60.0,12:30:00
2025-12-18,B228,"PALMA, PUERTO",BALEARES,3,16.3,0.0,11.9,06:40:00,20.7,13:20:00,01,0.8,4.7,12:10,6.4,1024.4,10:00:00,1020.6,,81.0,95.0,03:40:00,64.0,13:40:00
2025-12-19,B228,"PALMA, PUERTO",BALEARES,3,16.9,0.0,14.4,00:20:00,19.4,13:40:00,36,0.3,5.0,05:20,0.5,1020.6,00:00:00,1016.3,,85.0,94.0,21:40:00,76.0,11:30:00
2025-12-20,B228,"PALMA, PUERTO",BALEARES,3,17.0,1.4,14.6,06:40:00,19.4,13:20:00,12,0.3,5.0,15:40,0.4,1016.3,00:00:00,1009.3,,86.0,97.0,,71.0,13:10:00
2025-12-21,B228,"PALMA, PUERTO",BALEARES,3,15.4,19.6,12.7,23:59:00,18.2,11:20:00,26,1.7,10.3,22:50,4.5,1009.3,00:00:00,1003.2,,82.0,97.0,01:10:00,57.0,11:20:00
2025-12-22,B228,"PALMA, PUERTO",BALEARES,3,11.6,1.0,10.3,09:00:00,13.0,01:00:00,32,0.8,6.1,12:20,0.0,1006.4,21:00:00,1001.8,03:00:00,69.0,97.0,02:50:00,53.0,21:50:00
2025-12-23,B228,"PALMA, PUERTO",BALEARES,3,10.1,10.5,8.4,23:59:00,11.8,01:40:00,26,0.3,6.9,12:10,0.0,1005.8,02:00:00,1003.1,14:00:00,81.0,98.0,21:30:00,53.0,01:20:00
2025-12-24,B228,"PALMA, PUERTO",BALEARES,3,11.2,2.8,7.2,05:50:00,15.3,10:10:00,36,0.6,5.6,13:20,2.9,1007.8,23:00:00,1004.7,00:00:00,86.0,97.0,00:00:00,58.0,10:10:00
2025-12-25,B228,"PALMA, PUERTO",BALEARES,3,12.9,5.4,10.4,01:00:00,15.4,11:50:00,99,1.1,7.8,12:50,3.0,1010.2,09:00:00,1007.2,,85.0,98.0,23:30:00,71.0,13:50:00
2025-12-26,B228,"PALMA, PUERTO",BALEARES,3,12.7,2.7,10.7,04:10:00,14.7,14:40:00,36,0.8,4.7,00:10,1.0,1014.6,,1007.1,01:00:00,87.0,98.0,00:00:00,81.0,14:20:00
2025-12-27,B228,"PALMA, PUERTO",BALEARES,3,12.8,0.6,11.2,,14.5,13:00:00,10,1.4,6.9,13:10,0.0,1018.2,22:00:00,1014.2,04:00:00,87.0,95.0,00:00:00,79.0,13:30:00
2025-12-28,B228,"PALMA, PUERTO",BALEARES,3,15.0,0.0,11.5,06:40:00,18.5,13:20:00,08,1.4,5.3,12:10,5.5,1018.3,09:00:00,1016.2,15:00:00,81.0,93.0,01:20:00,64.0,14:40:00
2025-12-29,B228,"PALMA, PUERTO",BALEARES,3,13.0,11.5,8.4,23:59:00,17.5,12:50:00,19,1.1,7.2,13:10,2.1,1018.7,10:00:00,1016.6,13:00:00,87.0,99.0,,69.0,12:40:00
2025-12-30,B228,"PALMA, PUERTO",BALEARES,3,12.6,0.2,7.8,04:40:00,17.4,12:00:00,32,0.6,5.8,13:20,4.8,1018.1,09:00:00,1015.6,14:00:00,82.0,99.0,,62.0,
2025-12-31,B228,"PALMA, PUERTO",BALEARES,3,11.6,0.0,6.8,23:40:00,16.3,11:30:00,07,1.1,6.7,12:00,4.0,1020.1,,1016.0,,82.0,97.0,03:10:00,63.0,14:40:00
2026-01-01,B228,"PALMA, PUERTO",BALEARES,3,10.6,0.0,6.2,07:10:00,15.1,14:20:00,17,0.8,3.3,12:00,6.1,1019.8,,1014.0,,79.0,96.0,,58.0,11:10:00
2026-01-02,B228,"PALMA, PUERTO",BALEARES,3,12.8,0.0,8.7,02:10:00,17.0,10:20:00,23,0.6,8.1,12:40,1.5,1014.1,00:00:00,1007.7,,87.0,99.0,,68.0,12:30:00
2026-01-03,B228,"PALMA, PUERTO",BALEARES,3,14.0,0.9,10.7,02:10:00,17.2,12:40:00,04,0.8,8.6,22:30,1.6,1007.7,00:00:00,1003.0,20:00:00,86.0,99.0,,68.0,13:50:00
2026-01-04,B228,"PALMA, PUERTO",BALEARES,3,11.4,4.9,9.5,09:00:00,13.3,00:00:00,05,3.9,11.7,15:50,0.0,1005.7,23:00:00,1001.7,04:00:00,80.0,95.0,09:50:00,65.0,19:10:00
2026-01-05,B228,"PALMA, PUERTO",BALEARES,3,9.4,0.8,7.5,23:59:00,11.2,10:50:00,05,2.2,9.2,11:00,0.0,1008.4,,1005.2,02:00:00,77.0,82.0,20:30:00,60.0,23:30:00
2026-01-06,B228,"PALMA, PUERTO",BALEARES,3,10.0,1.4,7.2,,12.7,12:50:00,34,1.9,7.8,10:50,4.5,1015.5,,1008.0,04:00:00,46.0,85.0,23:59:00,29.0,13:20:00
2026-01-07,B228,"PALMA, PUERTO",BALEARES,3,8.8,0.0,5.2,05:50:00,12.4,13:30:00,33,1.1,8.1,12:40,7.5,1021.3,,1015.1,01:00:00,62.0,89.0,01:40:00,39.0,11:50:00
2026-01-08,B228,"PALMA, PUERTO",BALEARES,3,13.0,0.0,8.6,00:00:00,17.5,12:20:00,99,2.2,11.4,Varias,8.1,1024.0,10:00:00,1019.2,,66.0,78.0,07:20:00,57.0,02:00:00
2026-01-09,B228,"PALMA, PUERTO",BALEARES,3,15.2,0.0,12.4,05:10:00,18.1,14:30:00,32,1.7,16.1,23:40,7.7,1019.4,01:00:00,1013.4,16:00:00,66.0,78.0,,36.0,
2026-01-10,B228,"PALMA, PUERTO",BALEARES,3,13.4,0.0,12.0,07:10:00,14.8,20:20:00,32,3.3,15.0,00:30,8.3,1021.4,11:00:00,1016.9,00:00:00,44.0,51.0,23:30:00,40.0,20:40:00
2026-01-11,B228,"PALMA, PUERTO",BALEARES,3,12.5,0.0,8.3,22:30:00,16.7,14:20:00,33,0.6,10.3,01:00,8.4,1025.0,21:00:00,1020.7,01:00:00,64.0,95.0,23:00:00,38.0,14:20:00
2026-01-12,B228,"PALMA, PUERTO",BALEARES,3,12.4,0.0,7.9,02:00:00,17.0,13:00:00,20,1.7,6.7,12:30,7.2,1024.6,00:00:00,1020.4,,84.0,99.0,06:30:00,72.0,12:40:00
2026-01-13,B228,"PALMA, PUERTO",BALEARES,3,14.6,0.0,10.4,05:00:00,18.8,12:00:00,99,0.6,3.3,Varias,8.0,1020.4,00:00:00,1016.3,15:00:00,85.0,98.0,04:40:00,71.0,12:00:00
2026-01-14,B228,"PALMA, PUERTO",BALEARES,3,14.1,0.0,9.8,23:59:00,18.4,11:40:00,22,0.8,6.1,15:30,5.7,1018.8,,1016.8,05:00:00,88.0,97.0,,74.0,11:20:00
2026-01-15,B228,"PALMA, PUERTO",BALEARES,3,12.6,0.0,8.3,04:30:00,17.0,11:50:00,18,0.6,4.7,15:40,7.8,1019.2,10:00:00,1016.5,14:00:00,89.0,99.0,,72.0,11:40:00
2026-01-16,B228,"PALMA, PUERTO",BALEARES,3,13.3,0.0,9.7,02:00:00,16.9,13:40:00,99,0.8,3.6,Varias,,1016.7,00:00:00,1012.6,,88.0,99.0,,72.0,14:50:00
2026-01-17,B228,"PALMA, PUERTO",BALEARES,3,14.0,7.7,11.7,23:59:00,16.3,11:40:00,18,2.2,8.3,12:20,,1012.6,00:00:00,1008.3,17:00:00,91.0,98.0,22:30:00,84.0,11:30:00
2026-01-18,B228,"PALMA, PUERTO",BALEARES,3,13.1,0.1,10.5,07:30:00,15.7,12:40:00,21,0.8,6.4,05:20,,1011.7,20:00:00,1008.8,,82.0,98.0,,68.0,12:50:00
2026-01-19,B228,"PALMA, PUERTO",BALEARES,3,13.8,18.9,11.7,05:30:00,15.9,12:10:00,02,1.7,11.9,23:59,,1011.1,00:00:00,1004.5,,83.0,97.0,19:40:00,69.0,11:40:00
2026-01-20,B228,"PALMA, PUERTO",BALEARES,3,13.6,8.3,12.2,13:00:00,14.9,15:10:00,05,4.4,11.4,15:50,,1009.2,,1003.8,15:00:00,89.0,96.0,13:00:00,76.0,09:20:00
2026-01-21,B228,"PALMA, PUERTO",BALEARES,3,14.0,10.2,10.8,06:20:00,17.3,11:40:00,22,1.4,8.9,21:00,6.5,1009.4,,999.0,,79.0,97.0,23:10:00,63.0,11:30:00
2026-01-22,B228,"PALMA, PUERTO",BALEARES,3,11.6,6.1,8.8,23:59:00,14.5,09:50:00,34,2.2,12.5,07:00,1.0,1002.4,19:00:00,993.4,06:00:00,80.0,98.0,,62.0,09:30:00
2026-01-23,B228,"PALMA, PUERTO",BALEARES,3,13.4,4.3,8.3,00:30:00,18.4,13:50:00,22,1.7,9.7,12:20,,1001.8,01:00:00,997.2,13:00:00,73.0,99.0,01:00:00,50.0,15:00:00
2026-01-24,B228,"PALMA, PUERTO",BALEARES,3,11.6,0.0,8.7,01:20:00,14.6,04:20:00,26,2.2,13.3,13:30,,1002.9,,993.3,05:00:00,60.0,95.0,01:10:00,41.0,19:00:00
2026-01-25,B228,"PALMA, PUERTO",BALEARES,3,14.4,2.0,12.2,00:50:00,16.7,11:40:00,31,1.7,16.1,22:40,,1005.8,10:00:00,1000.2,21:00:00,62.0,73.0,19:30:00,46.0,00:00:00
2026-01-26,B228,"PALMA, PUERTO",BALEARES,3,14.8,0.0,12.7,03:20:00,16.9,14:10:00,32,2.5,13.9,00:40,2.1,1009.3,19:00:00,1003.5,00:00:00,54.0,92.0,23:59:00,39.0,14:00:00
2026-01-27,B228,"PALMA, PUERTO",BALEARES,3,14.6,2.2,11.7,02:20:00,17.6,13:10:00,26,2.2,15.0,22:40,2.0,1007.0,00:00:00,996.8,20:00:00,86.0,96.0,01:30:00,53.0,22:40:00
2026-01-28,B228,"PALMA, PUERTO",BALEARES,3,11.2,31.0,8.6,14:30:00,13.9,,26,0.8,14.4,01:10,0.1,1002.7,,988.9,16:00:00,82.0,99.0,,60.0,
2026-01-29,B228,"PALMA, PUERTO",BALEARES,3,14.0,1.0,11.2,01:00:00,16.9,12:40:00,26,1.1,10.0,05:20,3.1,1004.2,03:00:00,1000.7,14:00:00,82.0,97.0,18:40:00,61.0,03:10:00
2026-01-30,B228,"PALMA, PUERTO",BALEARES,3,15.6,11.4,12.1,23:59:00,19.0,12:00:00,31,1.4,8.3,05:10,,1008.6,10:00:00,998.4,,61.0,92.0,,46.0,
2026-01-31,B228,"PALMA, PUERTO",BALEARES,3,12.3,4.7,9.5,07:30:00,15.1,19:40:00,31,3.3,17.2,06:10,,1012.6,,996.1,04:00:00,58.0,93.0,00:10:00,43.0,14:10:00
2026-02-01,B228,"PALMA, PUERTO",BALEARES,3,13.9,0.0,9.9,07:10:00,17.9,12:30:00,33,0.8,9.7,00:50,,1013.3,08:00:00,1007.6,,69.0,95.0,,41.0,12:20:00
2026-02-02,B228,"PALMA, PUERTO",BALEARES,3,14.0,0.0,10.0,03:00:00,17.9,13:20:00,22,1.4,13.6,23:00,2.5,1007.6,00:00:00,996.5,,83.0,99.0,04:30:00,48.0,23:00:00
2026-02-03,B228,"PALMA, PUERTO",BALEARES,3,13.6,0.7,9.6,23:59:00,17.7,12:30:00,22,1.4,11.1,00:50,7.1,1004.2,10:00:00,1000.4,,63.0,94.0,23:50:00,39.0,12:40:00
2026-02-04,B228,"PALMA, PUERTO",BALEARES,3,12.5,16.6,8.9,02:50:00,16.1,22:10:00,25,1.9,10.0,22:50,3.0,1000.4,00:00:00,991.2,13:00:00,80.0,99.0,10:30:00,64.0,21:50:00
2026-02-05,B228,"PALMA, PUERTO",BALEARES,3,16.6,0.0,14.6,06:40:00,18.6,20:30:00,24,1.9,13.1,20:20,0.1,996.3,,991.5,14:00:00,82.0,92.0,11:20:00,50.0,20:20:00
2026-02-06,B228,"PALMA, PUERTO",BALEARES,3,16.3,0.0,13.9,21:20:00,18.7,13:40:00,24,3.1,14.7,10:50,,1004.2,23:00:00,996.1,01:00:00,66.0,92.0,20:40:00,45.0,13:40:00
2026-02-07,B228,"PALMA, PUERTO",BALEARES,3,15.0,1.0,12.6,07:20:00,17.4,11:50:00,29,1.7,10.3,05:00,,1009.9,14:00:00,1004.0,00:00:00,62.0,89.0,23:59:00,45.0,12:00:00
2026-02-08,B228,"PALMA, PUERTO",BALEARES,3,14.8,0.7,13.2,11:10:00,16.5,13:00:00,18,1.9,11.7,01:10,,1008.4,22:00:00,1001.3,08:00:00,62.0,93.0,00:20:00,50.0,23:30:00
2026-02-09,B228,"PALMA, PUERTO",BALEARES,3,13.7,0.0,10.5,06:30:00,16.9,14:40:00,23,1.7,7.8,13:30,5.6,1009.0,10:00:00,1007.3,12:00:00,76.0,90.0,22:30:00,51.0,00:20:00
2026-02-10,B228,"PALMA, PUERTO",BALEARES,3,17.6,0.0,13.0,00:00:00,22.3,12:10:00,26,1.9,14.2,21:20,3.1,1007.6,00:00:00,1003.4,21:00:00,66.0,94.0,01:40:00,57.0,
2026-02-11,B228,"PALMA, PUERTO",BALEARES,3,19.6,0.0,17.1,18:40:00,22.0,11:20:00,26,1.9,14.2,22:30,5.5,1009.3,11:00:00,1002.5,,65.0,84.0,18:40:00,42.0,11:20:00
2026-02-12,B228,"PALMA, PUERTO",BALEARES,3,18.1,0.0,15.9,21:20:00,20.3,04:10:00,33,3.3,20.3,12:10,8.1,1009.0,,1002.1,04:00:00,39.0,67.0,00:20:00,29.0,14:10:00
2026-02-13,B228,"PALMA, PUERTO",BALEARES,3,16.0,2.9,14.4,06:30:00,17.5,14:40:00,27,2.5,18.3,19:40,,1007.8,00:00:00,987.8,18:00:00,76.0,93.0,11:40:00,50.0,00:00:00
2026-02-14,B228,"PALMA, PUERTO",BALEARES,3,14.0,0.0,11.5,05:20:00,16.5,12:50:00,35,1.7,16.4,22:20,,1011.7,,990.4,00:00:00,61.0,73.0,05:10:00,48.0,03:30:00
2026-02-15,B228,"PALMA, PUERTO",BALEARES,3,14.1,0.0,11.2,06:30:00,17.0,13:30:00,99,1.7,13.9,Varias,,1018.7,11:00:00,1011.7,00:00:00,53.0,80.0,23:50:00,41.0,14:10:00
2026-02-16,B228,"PALMA, PUERTO",BALEARES,3,17.4,0.0,13.0,00:20:00,21.8,12:40:00,24,1.4,8.3,12:50,6.5,1017.0,,1013.3,16:00:00,58.0,78.0,00:00:00,39.0,01:50:00
2026-02-17,B228,"PALMA, PUERTO",BALEARES,3,17.2,0.0,13.0,22:50:00,21.3,14:30:00,30,2.2,18.9,03:50,7.2,1020.9,11:00:00,1014.9,03:00:00,50.0,87.0,22:50:00,36.0,06:00:00
2026-02-18,B228,"PALMA, PUERTO",BALEARES,3,14.7,0.0,11.0,06:40:00,18.4,13:00:00,25,1.7,10.8,22:30,7.3,1019.2,00:00:00,1008.8,,87.0,98.0,06:30:00,58.0,22:40:00
2026-02-19,B228,"PALMA, PUERTO",BALEARES,3,15.8,0.0,14.5,07:30:00,17.0,02:40:00,34,2.2,18.3,21:30,8.8,1020.0,,1008.2,02:00:00,41.0,67.0,03:50:00,31.0,20:10:00
2026-02-20,B228,"PALMA, PUERTO",BALEARES,3,13.9,0.0,11.4,23:59:00,16.4,13:50:00,34,1.9,15.3,03:30,,1027.3,,1018.6,04:00:00,61.0,70.0,18:40:00,39.0,00:00:00
2026-02-21,B228,"PALMA, PUERTO",BALEARES,3,14.6,0.0,9.1,05:50:00,20.0,13:10:00,35,0.8,5.3,14:00,,1029.6,,1027.3,00:00:00,56.0,85.0,,31.0,16:20:00
2026-02-22,B228,"PALMA, PUERTO",BALEARES,3,12.8,0.0,7.5,06:20:00,18.2,13:50:00,20,2.2,8.1,12:50,,1029.6,00:00:00,1026.5,,73.0,85.0,23:40:00,46.0,13:50:00
2026-02-23,B228,"PALMA, PUERTO",BALEARES,3,12.4,0.0,8.0,06:00:00,16.8,13:00:00,22,0.8,4.7,14:00,7.7,1026.6,00:00:00,1023.3,16:00:00,84.0,99.0,,67.0,08:00:00
2026-02-24,B228,"PALMA, PUERTO",BALEARES,3,11.8,0.0,7.9,06:00:00,15.7,13:50:00,21,1.1,5.3,14:00,5.6,1023.4,00:00:00,1019.0,16:00:00,94.0,99.0,,83.0,12:30:00
2026-02-25,B228,"PALMA, PUERTO",BALEARES,3,14.3,0.1,7.2,06:20:00,21.4,11:50:00,99,0.8,4.7,13:40,8.9,1023.6,,1019.0,04:00:00,54.0,99.0,,24.0,10:30:00
2026-02-26,B228,"PALMA, PUERTO",BALEARES,3,14.8,0.0,9.4,05:20:00,20.2,11:30:00,20,1.7,6.7,13:20,8.8,1026.8,21:00:00,1023.3,02:00:00,70.0,97.0,,39.0,09:40:00
2026-02-27,B228,"PALMA, PUERTO",BALEARES,3,13.2,0.0,10.3,08:50:00,16.1,12:10:00,24,1.4,5.3,16:30,,1026.6,00:00:00,1021.8,,88.0,99.0,,74.0,12:10:00
2026-02-28,B228,"PALMA, PUERTO",BALEARES,3,15.2,0.0,12.2,00:10:00,18.2,14:00:00,04,2.2,8.6,12:10,,1024.4,23:00:00,1020.8,03:00:00,75.0,91.0,00:00:00,65.0,12:50:00
2026-03-01,B228,"PALMA, PUERTO",BALEARES,3,15.4,0.0,12.5,05:30:00,18.3,13:10:00,22,1.1,5.0,16:10,,1025.1,10:00:00,1022.1,,70.0,87.0,23:50:00,59.0,13:00:00
2026-03-02,B228,"PALMA, PUERTO",BALEARES,3,15.0,0.0,12.6,00:20:00,17.3,15:00:00,02,1.4,8.1,23:30,,1022.1,00:00:00,1017.1,21:00:00,78.0,87.0,00:20:00,66.0,15:00:00
2026-03-03,B228,"PALMA, PUERTO",BALEARES,3,17.0,0.0,14.5,01:30:00,19.4,12:30:00,04,3.3,12.8,16:00,3.6,1018.1,01:00:00,1014.3,16:00:00,80.0,88.0,01:40:00,71.0,12:30:00
2026-03-04,B228,"PALMA, PUERTO",BALEARES,3,17.0,2.7,15.3,04:00:00,18.6,13:10:00,05,2.2,10.0,08:40,0.0,1016.5,10:00:00,1011.8,,83.0,91.0,03:50:00,76.0,13:00:00
2026-03-05,B228,"PALMA, PUERTO",BALEARES,3,15.8,7.9,13.7,21:20:00,17.8,11:50:00,18,1.7,8.3,06:30,0.5,1013.3,01:00:00,1009.0,,90.0,98.0,07:50:00,76.0,12:10:00
2026-03-06,B228,"PALMA, PUERTO",BALEARES,3,15.0,8.7,12.3,06:10:00,17.6,13:10:00,11,1.7,8.6,13:30,,1016.3,,1008.7,03:00:00,86.0,98.0,00:30:00,68.0,23:30:00
2026-03-07,B228,"PALMA, PUERTO",BALEARES,3,13.2,18.2,11.6,12:30:00,14.7,01:40:00,17,0.6,8.3,00:50,,1020.8,12:00:00,1016.3,00:00:00,88.0,97.0,08:50:00,70.0,00:00:00
2026-03-08,B228,"PALMA, PUERTO",BALEARES,3,15.1,0.0,11.9,00:00:00,18.3,14:00:00,19,0.8,5.3,17:00,,1021.5,10:00:00,1019.5,04:00:00,78.0,92.0,,62.0,14:50:00
2026-03-09,B228,"PALMA, PUERTO",BALEARES,3,14.6,0.0,11.6,04:00:00,17.6,11:30:00,20,1.7,12.2,14:10,6.2,1021.5,00:00:00,1018.5,15:00:00,80.0,96.0,03:50:00,61.0,15:10:00
2026-03-10,B228,"PALMA, PUERTO",BALEARES,3,15.8,0.0,12.2,00:10:00,19.3,13:50:00,08,1.9,5.8,18:00,4.0,1021.7,,1018.2,06:00:00,79.0,91.0,06:20:00,61.0,13:50:00
2026-03-11,B228,"PALMA, PUERTO",BALEARES,3,15.8,0.0,12.4,23:59:00,19.2,13:20:00,22,1.4,6.4,13:30,3.4,1024.9,,1021.7,00:00:00,,89.0,00:40:00,61.0,18:50:00
2026-03-12,B228,"PALMA, PUERTO",BALEARES,3,14.4,0.0,10.7,05:30:00,18.1,13:00:00,99,1.1,6.4,Varias,7.2,1026.2,10:00:00,1022.2,,79.0,89.0,03:10:00,65.0,01:00:00
2026-03-13,B228,"PALMA, PUERTO",BALEARES,3,14.2,0.0,10.1,05:20:00,18.2,12:00:00,20,1.7,5.8,14:40,,1022.2,00:00:00,1011.8,,86.0,98.0,06:10:00,73.0,11:50:00
2026-03-14,B228,"PALMA, PUERTO",BALEARES,3,12.8,5.3,7.9,23:59:00,17.7,09:00:00,05,1.7,8.9,16:20,,1011.8,00:00:00,1002.6,15:00:00,80.0,99.0,05:30:00,63.0,09:10:00
2026-03-15,B228,"PALMA, PUERTO",BALEARES,3,11.8,0.0,7.8,00:10:00,15.7,16:00:00,02,3.6,16.7,19:50,,1015.3,,1005.0,05:00:00,43.0,82.0,03:10:00,29.0,16:20:00
2026-03-16,B228,"PALMA, PUERTO",BALEARES,3,15.0,0.0,11.1,22:00:00,18.9,13:30:00,01,1.1,7.8,13:30,8.2,1020.4,12:00:00,1015.3,00:00:00,37.0,58.0,21:30:00,19.0,16:50:00
2026-03-17,B228,"PALMA, PUERTO",BALEARES,3,13.4,0.0,8.8,06:10:00,18.0,12:00:00,21,1.4,7.2,13:50,8.1,1018.6,00:00:00,1012.8,,65.0,90.0,23:59:00,47.0,00:20:00
2026-03-18,B228,"PALMA, PUERTO",BALEARES,3,14.0,0.0,8.6,05:10:00,19.5,13:00:00,20,0.8,6.9,14:50,8.3,1012.8,00:00:00,1008.2,15:00:00,67.0,90.0,00:00:00,29.0,11:20:00
2026-03-19,B228,"PALMA, PUERTO",BALEARES,3,16.4,0.0,12.2,23:59:00,20.5,13:00:00,05,2.5,6.9,11:20,5.1,1015.7,22:00:00,1012.5,00:00:00,70.0,88.0,01:40:00,58.0,12:40:00
2026-03-20,B228,"PALMA, PUERTO",BALEARES,3,15.0,0.0,10.7,05:50:00,19.4,13:20:00,04,2.2,8.1,09:20,8.0,1015.0,00:00:00,1012.4,16:00:00,56.0,79.0,04:50:00,35.0,17:10:00
2026-03-21,B228,"PALMA, PUERTO",BALEARES,3,14.2,0.0,10.8,05:50:00,17.7,12:50:00,17,1.4,5.3,15:00,1.2,1013.0,00:00:00,1010.5,16:00:00,59.0,84.0,23:30:00,46.0,12:30:00
2026-03-22,B228,"PALMA, PUERTO",BALEARES,3,12.6,0.0,8.3,05:30:00,16.9,13:00:00,20,1.9,8.1,15:40,8.0,1011.9,10:00:00,1010.0,15:00:00,68.0,93.0,05:30:00,56.0,13:20:00
2026-03-23,B228,"PALMA, PUERTO",BALEARES,3,14.8,0.0,10.4,00:10:00,19.1,12:00:00,35,2.2,7.8,14:10,6.1,1020.7,,1011.4,04:00:00,67.0,91.0,,36.0,13:50:00
2026-03-24,B228,"PALMA, PUERTO",BALEARES,3,14.0,0.0,8.7,06:00:00,19.4,13:00:00,19,1.4,6.1,13:30,6.7,1023.5,10:00:00,1020.5,,60.0,92.0,04:30:00,40.0,11:30:00
2026-03-25,B228,"PALMA, PUERTO",BALEARES,3,13.2,0.0,8.9,05:50:00,17.6,12:30:00,20,1.7,8.3,16:00,8.6,1022.5,00:00:00,1013.9,,78.0,94.0,05:40:00,67.0,
2026-03-26,B228,"PALMA, PUERTO",BALEARES,3,12.6,0.1,10.6,13:50:00,14.7,00:30:00,06,1.1,8.6,08:10,0.2,1017.3,23:00:00,1012.9,02:00:00,87.0,94.0,20:40:00,57.0,00:50:00
2026-03-27,B228,"PALMA, PUERTO",BALEARES,3,14.0,0.0,10.8,06:40:00,17.3,14:20:00,35,1.9,7.5,12:20,5.6,1018.8,22:00:00,1014.4,14:00:00,61.0,86.0,00:00:00,39.0,14:10:00
2026-03-28,B228,"PALMA, PUERTO",BALEARES,3,14.6,22.8,10.7,01:40:00,18.5,14:40:00,23,0.8,8.1,09:40,7.3,1019.8,09:00:00,1017.0,17:00:00,52.0,78.0,21:50:00,44.0,09:20:00
2026-03-29,B228,"PALMA, PUERTO",BALEARES,3,11.0,0.0,7.6,05:30:00,14.5,00:10:00,03,3.9,16.7,19:10,3.7,1022.9,,1016.0,07:00:00,49.0,98.0,03:20:00,29.0,09:50:00
2026-03-30,B228,"PALMA, PUERTO",BALEARES,3,15.0,0.0,12.0,06:00:00,18.1,15:00:00,36,3.1,11.4,03:40,8.8,1024.5,09:00:00,1018.4,,44.0,73.0,23:59:00,21.0,14:20:00
2026-03-31,B228,"PALMA, PUERTO",BALEARES,3,14.6,6.1,11.0,23:59:00,18.2,13:20:00,05,2.2,8.3,14:30,3.5,1019.9,10:00:00,1017.5,03:00:00,56.0,90.0,23:59:00,40.0,19:30:00
2026-04-01,B228,"PALMA, PUERTO",BALEARES,3,13.8,3.4,10.6,01:30:00,17.0,14:00:00,34,2.5,11.1,11:30,6.6,1018.3,00:00:00,1013.0,17:00:00,38.0,92.0,,27.0,12:30:00
2026-04-02,B228,"PALMA, PUERTO",BALEARES,3,13.8,0.1,9.4,05:30:00,18.2,14:40:00,36,1.9,10.6,06:30,6.9,1015.1,,1011.8,15:00:00,71.0,94.0,05:10:00,40.0,08:50:00
2026-04-03,B228,"PALMA, PUERTO",BALEARES,3,15.0,0.0,9.7,05:40:00,20.3,12:40:00,21,2.2,10.0,14:30,9.2,1023.2,23:00:00,1014.8,02:00:00,57.0,88.0,05:10:00,43.0,12:20:00
2026-04-04,B228,"PALMA, PUERTO",BALEARES,3,15.2,0.0,11.2,05:40:00,19.3,12:20:00,24,1.9,8.6,13:30,9.2,1024.3,10:00:00,1022.5,18:00:00,77.0,93.0,05:30:00,57.0,15:30:00
2026-04-05,B228,"PALMA, PUERTO",BALEARES,3,14.6,0.0,10.1,04:50:00,19.0,14:00:00,20,0.8,4.7,11:40,9.0,1026.3,10:00:00,1023.7,03:00:00,73.0,93.0,04:30:00,61.0,20:30:00
2026-04-06,B228,"PALMA, PUERTO",BALEARES,3,17.2,0.0,11.0,05:20:00,23.3,11:50:00,06,0.6,7.5,20:00,9.0,1026.0,00:00:00,1022.3,18:00:00,54.0,71.0,01:10:00,27.0,11:00:00
2026-04-07,B228,"PALMA, PUERTO",BALEARES,3,19.4,0.0,13.0,01:40:00,25.7,11:20:00,22,1.1,7.8,13:50,8.8,1022.8,00:00:00,1018.2,,63.0,73.0,23:59:00,34.0,11:00:00
2026-04-08,B228,"PALMA, PUERTO",BALEARES,3,19.0,0.0,13.9,02:20:00,24.2,09:30:00,99,0.6,4.4,Varias,8.9,1019.4,21:00:00,1017.7,17:00:00,48.0,84.0,01:10:00,32.0,09:00:00
2026-04-09,B228,"PALMA, PUERTO",BALEARES,3,20.8,0.0,13.8,03:10:00,27.9,12:00:00,99,0.6,5.3,Varias,7.1,1019.3,09:00:00,1017.2,18:00:00,43.0,81.0,03:40:00,17.0,12:00:00
2026-04-10,B228,"PALMA, PUERTO",BALEARES,3,20.1,0.0,13.7,05:30:00,26.5,11:00:00,22,1.4,5.6,13:30,7.8,1018.1,08:00:00,1014.1,,34.0,55.0,03:10:00,20.0,09:40:00
2026-04-11,B228,"PALMA, PUERTO",BALEARES,3,22.0,0.0,16.7,04:10:00,27.4,11:50:00,02,1.4,9.2,23:59,4.2,1014.1,00:00:00,1007.2,20:00:00,35.0,61.0,22:50:00,27.0,13:10:00
2026-04-12,B228,"PALMA, PUERTO",BALEARES,3,16.8,10.1,13.8,23:50:00,19.9,00:00:00,05,3.9,13.6,09:10,0.0,1008.4,00:00:00,1004.3,16:00:00,79.0,98.0,22:30:00,57.0,03:20:00
2026-04-13,B228,"PALMA, PUERTO",BALEARES,3,14.2,0.1,12.6,06:10:00,15.7,12:00:00,35,1.1,8.6,12:10,0.0,1014.5,,1005.3,00:00:00,78.0,97.0,07:50:00,65.0,12:00:00
2026-04-14,B228,"PALMA, PUERTO",BALEARES,3,15.7,0.0,11.2,05:30:00,20.2,13:40:00,06,1.1,6.4,14:50,10.3,1019.1,22:00:00,1014.2,02:00:00,67.0,88.0,,51.0,14:30:00
2026-04-15,B228,"PALMA, PUERTO",BALEARES,3,16.2,0.0,10.9,05:20:00,21.4,12:50:00,23,2.2,8.1,15:00,11.3,1020.9,23:00:00,1018.6,02:00:00,60.0,92.0,04:30:00,30.0,11:30:00
2026-04-16,B228,"PALMA, PUERTO",BALEARES,3,17.2,0.0,11.0,04:30:00,23.3,11:00:00,22,1.4,6.1,13:40,11.1,1021.7,09:00:00,1019.7,16:00:00,64.0,88.0,03:30:00,41.0,09:20:00
2026-04-17,B228,"PALMA, PUERTO",BALEARES,3,16.8,0.0,12.4,05:00:00,21.1,14:10:00,21,1.9,6.9,14:50,11.3,1020.4,00:00:00,1018.3,15:00:00,77.0,95.0,05:00:00,62.0,
2026-04-18,B228,"PALMA, PUERTO",BALEARES,3,17.6,0.0,13.0,05:20:00,22.3,13:40:00,19,1.7,7.2,12:30,11.3,1020.0,10:00:00,1017.7,16:00:00,63.0,94.0,02:20:00,43.0,16:50:00
2026-04-19,B228,"PALMA, PUERTO",BALEARES,3,17.4,0.0,13.2,05:30:00,21.5,13:10:00,99,1.7,6.7,Varias,11.3,1019.0,,1016.2,,72.0,88.0,02:00:00,63.0,08:10:00
2026-04-20,B228,"PALMA, PUERTO",BALEARES,3,18.4,0.0,13.7,05:20:00,23.1,12:00:00,22,1.1,6.1,14:20,11.3,1016.2,00:00:00,1011.9,17:00:00,66.0,93.0,04:40:00,44.0,11:00:00
2026-04-21,B228,"PALMA, PUERTO",BALEARES,3,18.3,0.0,13.8,04:40:00,22.8,13:40:00,22,1.4,5.8,12:50,10.5,1012.3,00:00:00,1009.5,18:00:00,58.0,83.0,04:30:00,37.0,09:20:00
2026-04-22,B228,"PALMA, PUERTO",BALEARES,3,18.1,0.0,13.9,04:40:00,22.3,09:40:00,20,1.1,6.4,12:00,9.9,1016.3,23:00:00,1011.0,00:00:00,71.0,86.0,16:30:00,32.0,09:00:00
2026-04-23,B228,"PALMA, PUERTO",BALEARES,3,21.2,0.0,16.9,04:10:00,25.4,13:50:00,06,2.8,7.8,10:30,11.2,1018.1,21:00:00,1015.6,,72.0,89.0,04:10:00,55.0,10:30:00
2026-04-24,B228,"PALMA, PUERTO",BALEARES,3,19.6,0.0,15.7,04:30:00,23.4,11:10:00,20,2.5,7.5,15:50,10.7,1018.5,22:00:00,1016.3,15:00:00,68.0,85.0,00:40:00,46.0,11:20:00
2026-04-25,B228,"PALMA, PUERTO",BALEARES,3,17.3,0.0,14.0,05:30:00,20.6,09:30:00,22,2.5,7.2,14:20,11.3,1018.3,20:00:00,1016.2,16:00:00,76.0,89.0,05:00:00,65.0,09:20:00
2026-04-26,B228,"PALMA, PUERTO",BALEARES,3,17.4,0.0,12.2,05:10:00,22.7,10:30:00,18,1.9,8.3,12:30,11.6,1019.3,22:00:00,1017.4,03:00:00,72.0,93.0,03:40:00,40.0,10:00:00
2026-04-27,B228,"PALMA, PUERTO",BALEARES,3,17.4,0.0,11.6,05:10:00,23.1,10:20:00,23,1.4,6.7,13:10,11.4,1019.1,00:00:00,1015.8,,,89.0,01:20:00,31.0,10:10:00
2026-04-28,B228,"PALMA, PUERTO",BALEARES,3,20.6,0.0,15.0,02:20:00,26.3,10:50:00,10,1.9,8.9,18:30,9.0,1015.9,00:00:00,1007.1,18:00:00,58.0,86.0,16:20:00,32.0,18:50:00
2026-04-29,B228,"PALMA, PUERTO",BALEARES,3,21.6,0.0,17.1,04:50:00,26.2,12:50:00,23,1.9,6.9,14:00,9.0,1013.0,23:00:00,1008.9,04:00:00,79.0,97.0,23:20:00,51.0,12:40:00
2026-04-30,B228,"PALMA, PUERTO",BALEARES,3,21.3,0.0,18.5,,24.1,10:30:00,20,1.9,7.8,12:10,8.8,1017.2,,1012.7,01:00:00,81.0,91.0,00:00:00,69.0,10:30:00
2026-05-01,B228,"PALMA, PUERTO",BALEARES,3,19.6,0.0,17.5,05:20:00,21.8,10:10:00,05,1.7,6.4,Varias,0.8,1023.0,23:00:00,1016.8,03:00:00,83.0,92.0,05:20:00,72.0,
2026-05-02,B228,"PALMA, PUERTO",BALEARES,3,20.6,0.0,17.6,,23.6,12:30:00,11,2.2,6.9,17:10,6.8,1022.3,00:00:00,1017.3,,72.0,90.0,04:10:00,58.0,15:10:00
2026-05-03,B228,"PALMA, PUERTO",BALEARES,3,19.6,27.6,16.2,07:50:00,22.9,15:40:00,05,1.7,8.9,08:20,2.7,1017.3,00:00:00,1012.4,16:00:00,82.0,98.0,08:00:00,64.0,15:20:00
2026-05-04,B228,"PALMA, PUERTO",BALEARES,3,19.8,0.0,18.2,02:20:00,21.3,14:20:00,19,1.7,7.5,13:40,8.5,1013.9,00:00:00,1011.2,16:00:00,90.0,94.0,,86.0,07:50:00
2026-05-05,B228,"PALMA, PUERTO",BALEARES,3,19.2,0.0,16.7,23:59:00,21.8,12:40:00,99,1.7,6.1,Varias,6.7,1012.7,00:00:00,1009.3,17:00:00,84.0,96.0,05:40:00,75.0,
2026-05-06,B228,"PALMA, PUERTO",BALEARES,3,19.2,1.6,14.8,04:40:00,23.7,10:20:00,22,1.7,7.2,11:20,8.0,1012.5,21:00:00,1010.8,00:00:00,83.0,93.0,15:10:00,53.0,09:50:00
2026-05-07,B228,"PALMA, PUERTO",BALEARES,3,19.0,0.6,15.5,05:10:00,22.6,10:40:00,04,1.9,8.3,14:00,3.9,1012.4,,1010.4,18:00:00,80.0,97.0,16:30:00,63.0,10:40:00
2026-05-08,B228,"PALMA, PUERTO",BALEARES,3,18.6,3.6,15.8,00:00:00,21.4,11:40:00,99,1.4,6.1,Varias,1.5,1014.3,22:00:00,1010.4,04:00:00,86.0,95.0,,71.0,12:00:00
2026-05-09,B228,"PALMA, PUERTO",BALEARES,3,18.8,1.0,16.5,02:40:00,21.2,13:20:00,35,3.3,11.1,16:20,0.6,1013.3,00:00:00,1006.3,14:00:00,81.0,96.0,03:30:00,68.0,11:40:00
2026-05-10,B228,"PALMA, PUERTO",BALEARES,3,19.0,0.0,14.7,03:50:00,23.3,11:40:00,20,3.1,8.6,13:40,12.0,1014.4,10:00:00,1011.6,18:00:00,85.0,96.0,03:50:00,58.0,11:20:00
2026-05-11,B228,"PALMA, PUERTO",BALEARES,3,21.4,0.0,17.7,02:50:00,25.1,12:40:00,22,1.1,8.3,14:50,12.2,1015.4,23:00:00,1011.5,02:00:00,54.0,94.0,00:00:00,42.0,
2026-05-12,B228,"PALMA, PUERTO",BALEARES,3,18.4,0.3,15.4,04:10:00,21.5,14:40:00,18,2.2,8.1,09:30,8.8,1015.3,10:00:00,1011.4,16:00:00,85.0,95.0,13:20:00,64.0,23:59:00
2026-05-13,B228,"PALMA, PUERTO",BALEARES,3,20.1,0.0,16.7,23:50:00,23.5,12:40:00,33,2.5,9.4,08:50,12.3,1014.9,11:00:00,1012.0,03:00:00,55.0,74.0,20:30:00,38.0,
2026-05-14,B228,"PALMA, PUERTO",BALEARES,3,20.8,0.0,15.8,01:30:00,25.7,13:40:00,22,0.8,7.8,13:10,12.4,1012.6,00:00:00,1003.9,,55.0,95.0,05:00:00,31.0,13:10:00
2026-05-15,B228,"PALMA, PUERTO",BALEARES,3,16.3,0.6,13.1,23:59:00,19.5,07:10:00,33,2.5,12.2,09:20,2.8,1011.7,,1001.9,,54.0,90.0,,46.0,07:50:00
2026-05-16,B228,"PALMA, PUERTO",BALEARES,3,16.4,0.0,11.6,04:30:00,21.1,14:40:00,35,2.2,8.6,15:20,12.2,1016.6,23:00:00,1011.5,00:00:00,61.0,94.0,04:50:00,24.0,16:50:00
2026-05-17,B228,"PALMA, PUERTO",BALEARES,3,17.0,0.0,13.3,04:20:00,20.8,12:20:00,22,2.5,7.5,14:20,11.8,1017.4,10:00:00,1015.2,02:00:00,67.0,89.0,04:20:00,60.0,10:50:00
2026-05-18,B228,"PALMA, PUERTO",BALEARES,3,17.6,0.0,13.7,05:00:00,21.6,12:00:00,18,1.9,6.9,13:40,11.9,1019.3,,1016.1,03:00:00,71.0,92.0,,64.0,
2026-05-19,B228,"PALMA, PUERTO",BALEARES,3,19.6,0.0,16.4,04:20:00,22.7,11:30:00,22,1.9,7.5,13:30,10.8,1021.9,22:00:00,1018.0,04:00:00,84.0,99.0,20:50:00,80.0,08:00:00
2026-05-20,B228,"PALMA, PUERTO",BALEARES,3,21.3,0.0,16.2,04:10:00,26.4,14:40:00,22,1.4,5.3,Varias,11.6,1024.8,21:00:00,1021.6,00:00:00,63.0,98.0,00:30:00,36.0,14:50:00
2026-05-21,B228,"PALMA, PUERTO",BALEARES,3,21.8,0.0,17.3,04:20:00,26.3,13:00:00,21,1.9,7.2,14:20,12.7,1025.3,08:00:00,1023.2,17:00:00,57.0,84.0,06:00:00,39.0,16:40:00
2026-05-22,B228,"PALMA, PUERTO",BALEARES,3,21.3,0.0,17.3,04:20:00,25.3,13:30:00,,,,,12.7,1025.4,10:00:00,1023.4,18:00:00,60.0,76.0,01:50:00,44.0,12:40:00
2026-05-23,B228,"PALMA, PUERTO",BALEARES,3,22.2,0.0,17.4,04:20:00,26.9,09:20:00,20,2.2,3.9,13:00,13.0,1024.8,11:00:00,1023.3,17:00:00,56.0,82.0,18:40:00,38.0,09:20:00
2026-05-24,B228,"PALMA, PUERTO",BALEARES,3,22.2,0.0,18.0,03:40:00,26.3,08:40:00,20,1.1,3.1,13:00,12.9,1026.2,23:00:00,1023.8,04:00:00,56.0,86.0,19:20:00,37.0,
2026-05-25,B228,"PALMA, PUERTO",BALEARES,3,22.0,0.0,17.7,04:10:00,26.2,14:00:00,18,0.6,2.2,12:00,12.9,1027.4,08:00:00,1025.4,,57.0,72.0,,42.0,17:30:00
2026-05-26,B228,"PALMA, PUERTO",BALEARES,3,23.0,0.0,18.1,,28.0,12:50:00,,,,,13.8,1027.0,08:00:00,1024.1,,51.0,70.0,02:50:00,38.0,15:50:00
2026-05-27,B228,"PALMA, PUERTO",BALEARES,3,23.0,0.0,17.8,03:20:00,28.3,11:50:00,,,,,13.0,1024.1,00:00:00,1019.7,,55.0,73.0,01:50:00,38.0,16:20:00
2026-05-28,B228,"PALMA, PUERTO",BALEARES,3,23.6,0.0,18.1,04:40:00,29.0,14:50:00,,,,,12.8,1020.3,,1017.7,17:00:00,48.0,65.0,03:30:00,29.0,16:30:00
2026-05-29,B228,"PALMA, PUERTO",BALEARES,3,24.3,0.0,19.2,03:30:00,29.4,14:20:00,20,0.8,3.9,13:45,12.5,1020.2,09:00:00,1017.9,17:00:00,,86.0,21:00:00,37.0,14:10:00
2026-05-30,B228,"PALMA, PUERTO",BALEARES,3,23.3,0.0,20.9,02:30:00,25.7,11:40:00,,,,,12.4,1019.5,10:00:00,1017.6,16:00:00,82.0,92.0,20:30:00,60.0,02:50:00
